Change Date,Old,New,New Company Name
2020-01-02,FSRVU,KPLT,Katapult Holdings Inc
2020-01-02,CECO,PRDO,Perdoceo Education Corp
2020-01-05,ROCCU,RSVR,Reservoir Media Inc
2020-01-05,RSVAU,ENVX,Enovix Corp
2020-01-06,MFAC,BMTX,Bm Technologies Inc
2020-01-06,PJC,PIPR,Piper Sandler Companies
2020-01-07,LNFA.U,ZFOX,Zerofox Holdings Inc
2020-01-08,AZSEY,ALIZY,Allianz Se
2020-01-09,CLDC,RAHGF,Roan Holdings Group Co Ltd.
2020-01-10,ALUS.U,FREY,Freyr Battery
2020-01-10,PRTO,TARA,Protara Therapeutics Inc
2020-01-10,SAQNU,CURI,Curiositystream Inc
2020-01-12,LXRP,LEXX,Lexaria Bioscience Corp
2020-01-14,AMHCU,JSPR,Jasper Therapeutics Inc
2020-01-15,PTACU,PRCH,Porch Group Inc
2020-01-16,LIVKU,AGIL,Agilethought Inc
2020-01-17,FGP,FGPRQ,Ferrellgas Partners L P
2020-01-21,MOSC,VVNT,Vivint Smart Home Inc
2020-01-22,MDR,MDRIQ,Mcdermott International Inc
2020-01-27,ECA,OVV,Ovintiv Inc
2020-01-29,SRACU,MNTS,Momentus Inc
2020-01-30,ELAXU,ELAT,Elanco Animal Health Inc
2020-01-30,PVT,KLDI,Kldiscovery Inc
2020-01-31,ESTRW,ESTWF,Estre Ambiental Inc
2020-02-03,FII,FHI,Federated Hermes Inc
2020-02-03,BIOS,OPCH,Option Care Health Inc
2020-02-03,XON,PGEN,Precigen Inc
2020-02-03,WTR,WTRG,Essential Utilities Inc
2020-02-05,CIICU,ARVL,Arrival
2020-02-10,GSAH,VRT,Vertiv Holdings Co.
2020-02-11,GRSH,PAE,Pae Inc
2020-02-11,PKD,PKDC,Parker Drilling Co.
2020-02-12,JMU,MFH,Mercurity Fintech Holding Inc
2020-02-13,MRIC,CLPT,Clearpoint Neuro Inc
2020-02-18,BWMC,ATCX,Atlas Technical Consultants Inc
2020-02-18,BRPM,ALTG,Alta Equipment Group Inc
2020-02-19,TKKS,GSMG,Glory Star New Media Group Holdings Ltd.
2020-02-20,HALC,BATL,Battalion Oil Corp
2020-02-24,SBGL,SBSW,Sibanye Stillwater Ltd.
2020-02-28,SSW,ATCO,Atlas Corp
2020-03-02,MNI,MNIQQ,Mcclatchy Co.
2020-03-02,PIR,PIRRQ,Pier 1 Imports Inc
2020-03-02,BPR,BPYU,Brookfield Property Reit Inc
2020-03-02,IPV.U,AEVA,Aeva Technologies Inc
2020-03-02,GDI,IR,Ingersoll Rand Inc
2020-03-03,COT,PRMW,Primo Water Corp
2020-03-04,SDEV,BYRN,Byrna Technologies Inc
2020-03-06,HIIQ,BFYT,Benefytt Technologies Inc
2020-03-06,CTAC,GDYN,Grid Dynamics Holdings Inc
2020-03-09,GLOW,OBLG,Oblong Inc
2020-03-13,SPEX,AIKI,Aikido Pharma Inc
2020-03-17,IVOB,INVO,Invo Bioscience Inc
2020-03-18,TIBR,IGIC,International General Insurance Holdings Ltd.
2020-03-19,NLNK,LUMO,Lumos Pharma Inc
2020-03-25,DFNS.U,IRNT,Ironnet Inc
2020-03-30,DCIX,PSHG,Performance Shipping Inc
2020-03-30,CTST,CNTTQ,Canntrust Holdings Inc
2020-03-31,EDTX,METX,Meten Holding Group Ltd.
2020-04-02,RECN,RGP,Resources Connection Inc
2020-04-02,UTX,RTX,Raytheon Technologies Corp
2020-04-02,BURG,SONN,Sonnet Biotherapeutics Holdings Inc
2020-04-07,QHC,QHCCQ,Quorum Health Corp
2020-04-08,WRLS,AVCT,American Virtual Cloud Technologies Inc
2020-04-08,CCXX.U,MPLN,Multiplan Corp
2020-04-08,PENC,NMGX,Nano Magic Holdings Inc
2020-04-13,GHIVU,UWMC,Uwm Holdings Corp
2020-04-17,DMYT.U,RSI,Rush Street Interactive Inc
2020-04-20,MSG,MSGS,Madison Square Garden Sports Corp
2020-04-24,FTR,FTRCQ,Frontier Communications Corp
2020-04-24,DEAC,DKNG,Draftkings Inc
2020-04-28,DO,DOFSQ,Diamond Offshore Drilling Inc
2020-04-29,RBZ,RBZHF,Reebonz Holding Ltd.
2020-04-29,FEAC.U,SKLZ,Skillz Inc
2020-05-04,FBNK,FUBO,Fubotv Inc
2020-05-04,INNT,NMTR,9 Meters Biopharma Inc
2020-05-05,AKG,GAU,Galiano Gold Inc
2020-05-05,NBACU,NVVE,Nuvve Holding Corp
2020-05-07,CCAC.U,QNGY,Quanergy Systems Inc
2020-05-08,TROV,CRDF,Cardiff Oncology Inc
2020-05-08,CIFS,FRGT,Freight Technologies Inc
2020-05-11,AVH,AVHOQ,Avianca Holdings SA
2020-05-11,CUI,OIG,Orbital Infrastructure Group Inc
2020-05-11,HHHH,SJ,Scienjoy Holding Corp
2020-05-14,SSI,SSINQ,Stage Stores Inc
2020-05-15,PEER,PALT,Paltalk Inc
2020-05-18,TMSR,CCNC,Code Chain New Continent Ltd.
2020-05-18,SES,SYNE,Synthesis Energy Systems Inc
2020-05-19,JCP,CPPRQ,Old Copper Company Inc
2020-05-19,BPMX,TMBR,Timber Pharmaceuticals Inc
2020-05-20,DFPHU,TOI,Oncology Institute Inc
2020-05-20,LSACU,VINC,Vincerx Pharma Inc
2020-05-21,I,INTEQ,Intelsat SA
2020-05-26,RTTR,QLGN,Qualigen Therapeutics Inc
2020-05-27,UNT,UNTCQ,Unit Corp
2020-05-27,CNAT,HSTO,Histogen Inc
2020-05-29,DCAR,AYRO,Ayro Inc
2020-05-29,ZFGN,LRMR,Larimar Therapeutics Inc
2020-06-01,AOBC,SWBI,Smith & Wesson Brands Inc
2020-06-01,LOAK.U,DNMR,Danimer Scientific Inc
2020-06-01,MUDS,HYMC,Hycroft Mining Holding Corp
2020-06-01,LBY,LBYYQ,Libbey Inc
2020-06-01,SPAR,SHYF,Shyft Group Inc
2020-06-04,VTIQ,NKLA,Nikola Corp
2020-06-04,APY,CHX,Championx Corp
2020-06-05,BMRG.U,EOSE,Eos Energy Enterprises Inc
2020-06-10,LTM,LTMAQ,Latam Airlines Group SA
2020-06-11,NEBU,LPRO,Open Lending Corp
2020-06-11,ITRK,LPTV,Loop Media Inc
2020-06-12,VRML,AWH,Aspira Women's Health Inc
2020-06-12,ERA,VTOL,Bristow Group Inc
2020-06-16,IPOC.U,CLOV,Clover Health Investments Corp
2020-06-16,TOCA,FBRX,Forte Biosciences Inc
2020-06-17,NOVSU,APPH,Appharvest Inc
2020-06-17,PCPL.U,ETWO,E2open Parent Holdings Inc
2020-06-17,PAAC,LGHL,Lion Group Holding Ltd.
2020-06-17,PYX,PYXSQ,Pyxus International Inc
2020-06-22,FDEF,PFC,Premier Financial Corp
2020-06-22,IPOB.U,OPEN,Opendoor Technologies Inc
2020-06-23,CHAQ.U,RCOR,Renovacor Inc
2020-06-24,FVAC.U,MP,Mp Materials Corp
2020-06-25,ACTT,FREE,Whole Earth Brands Inc
2020-06-25,XOG,XOGAQ,Extraction Oil & Gas Inc
2020-06-26,CHK-PD,CHKLQ,Chesapeake Energy Corp
2020-06-26,LK,LKNCY,Luckin Coffee Inc
2020-06-29,CHK,CHKAQ,Chesapeake Energy Corp
2020-06-30,SOAC.U,TMC,Tmc The Metals Co Inc
2020-07-01,PUB,ALTA,Altabancorp
2020-07-01,GNC,GNCIQ,Gnc Holdings Inc
2020-07-01,CGROU,INVZ,Innoviz Technologies Ltd.
2020-07-01,RUBI,MGNI,Magnite Inc
2020-07-02,GPAQ,HOFV,Hall Of Fame Resort & Entertainment Co.
2020-07-02,ARYA,IMTX,Immatics Nv
2020-07-06,CVTI,CVLG,Covenant Logistics Group Inc
2020-07-06,PGEUU,PCGU,Pg&e Corp
2020-07-06,INTL,SNEX,Stonex Group Inc
2020-07-07,GIK.U,ZEV,Lightning Emotors Inc
2020-07-07,TRPX,SPRC,Scisparc Ltd.
2020-07-07,CATS,OTRK,Ontrak Inc
2020-07-07,RTW,RTWIQ,Rtw Retailwinds Inc
2020-07-08,JWS.U,CANO,Cano Health Inc
2020-07-09,AMRYY,AMYT,Amryt Pharma PLC
2020-07-11,POL,AVNT,Avient Corp
2020-07-14,HCR,HCRSQ,Hi-crush Inc
2020-07-15,LGVW.U,BFLY,Butterfly Network Inc
2020-07-16,LHC,DMS,Digital Media Solutions Inc
2020-07-20,CRC,CRCQQ,California Resources Corp
2020-07-20,XRF,SOS,Sos Ltd.
2020-07-21,BGG,BGGSQ,Briggs & Stratton Corp
2020-07-21,WPF.U,ALIT,Alight Inc
2020-07-21,ERI,CZR,Caesars Entertainment Inc
2020-07-22,ROCHU,PCT,Purecycle Technologies Inc
2020-07-23,RTIX,SRGA,Surgalign Holdings Inc
2020-07-23,RBS,NWG,Natwest Group PLC
2020-07-31,NE,NEBLQ,Noble Corp
2020-07-31,ROSEW,ROSWQ,Rosehill Resources Inc
2020-08-03,ARYBU,CERE,Cerevel Therapeutics Holdings Inc
2020-08-03,DNR,DNRCQ,Denbury Resources Inc
2020-08-03,TCRD,FCRD,First Eagle Alternative Capital Bdc Inc
2020-08-03,TCRW,FCRW,First Eagle Alternative Capital Bdc Inc
2020-08-03,TCRZ,FCRZ,First Eagle Alternative Capital Bdc Inc
2020-08-03,HECCU,TALK,Talkspace Inc
2020-08-04,ENT,GEENQ,Global Eagle Entertainment Inc
2020-08-05,CNMF,SBEV,Splash Beverage Group Inc
2020-08-07,DNJR,BTBT,Bit Digital Inc
2020-08-07,TXAC,PNT,Point Biopharma Global Inc
2020-08-11,TREB.U,SST,System1 Inc
2020-08-14,UCUT,SILO,Silo Pharma Inc
2020-08-18,FUSE.U,ML,Moneylion Inc
2020-08-18,RYCE,ANFIF,Amira Nature Foods Ltd.
2020-08-19,DBCP,PTRS,Partners Bancorp
2020-08-19,KCAC.U,QS,Quantumscape Corp
2020-08-20,DMPI,KTRA,Kintara Therapeutics Inc
2020-08-20,VAL,VALPQ,Valaris PLC
2020-08-24,PACQ,HPK,Highpeak Energy Inc
2020-08-24,GSAH.U,MIR,Mirion Technologies Inc
2020-08-25,VMACU,ANGH,Anghami Inc
2020-08-26,CPSR.U,GLS,Gelesis Holdings Inc
2020-08-26,PANA.U,NUVB,Nuvation Bio Inc
2020-08-31,FPAC,GB,Global Blue Group Holding Ag
2020-08-31,CCH,UTZ,Utz Brands Inc
2020-09-02,MCACU,PLBY,Plby Group Inc
2020-09-02,ZN,ZNOG,Zion Oil & Gas Inc
2020-09-02,AFH,AFHIQ,Atlas Financial Holdings Inc
2020-09-04,PSACU,FFIE,Faraday Future Intelligent Electric Inc
2020-09-08,TWMC,KSPN,Kaspien Holdings Inc
2020-09-08,MNLO,VYNE,Vyne Therapeutics Inc
2020-09-09,AACQU,ORGN,Origin Materials Inc
2020-09-09,DEH.U,RBOT,Vicarious Surgical Inc
2020-09-11,JMDA,CRTD,Creatd Inc
2020-09-14,HPX.U,HPX,Hpx Corp
2020-09-15,EVSI,BEEM,Beam Global
2020-09-16,TORC,ACET,Adicet Bio Inc
2020-09-16,ACND.U,MKTW,Marketwise Inc
2020-09-17,CTL,LUMN,Lumen Technologies Inc
2020-09-18,SPN,SPNX,Superior Energy Services Inc
2020-09-22,CCIV.U,LCID,Lucid Group Inc
2020-09-23,DFHTU,CMAX,Caremax Inc
2020-09-23,FIIIU,ELMSQ,Electric Last Mile Solutions Inc
2020-09-23,EROS,EMWPF,Eros Media World PLC
2020-09-23,PRPB.U,GETY,Getty Images Holdings Inc
2020-09-24,NHICU,EVLV,Evolv Technologies Holdings Inc
2020-09-24,PSV,HOFSQ,Hermitage Offshore Services Ltd.
2020-09-25,PTK.U,VLN,Valens Semiconductor Ltd.
2020-09-28,YAC.U,SSU,Signa Sports United Nv
2020-09-30,GRAF,VLDR,Velodyne Lidar Inc
2020-10-01,GRSVU,AMBP,Ardagh Metal Packaging SA
2020-10-01,BBX,BVH,Bluegreen Vacations Holding Corp
2020-10-01,HHT,CSCW,Color Star Technology Co Ltd.
2020-10-01,JFK,EQOS,Eqonex Ltd.
2020-10-01,GMO,GMOLQ,General Moly Inc
2020-10-02,SHLL,HYLN,Hyliion Holdings Corp
2020-10-05,SERV,TMX,Terminix Global Holdings Inc
2020-10-06,ADRO,KDNY,Chinook Therapeutics Inc
2020-10-06,UMRX,COGT,Cogent Biosciences Inc
2020-10-06,FAII.U,ATIP,Ati Physical Therapy Inc
2020-10-07,DGNR.U,CCCS,Ccc Intelligent Solutions Holdings Inc
2020-10-07,DMYD.U,GENI,Genius Sports Ltd.
2020-10-08,STPK.U,STEM,Stem Inc
2020-10-09,CCXX,MPLN,Multiplan Corp
2020-10-09,CLA.U,OUST,Ouster Inc
2020-10-12,OAS,OASPQ,Oasis Petroleum Inc
2020-10-13,TSU,TIMB,Tim SA
2020-10-13,SAIIU,OTMO,Otonomo Technologies Ltd.
2020-10-13,AONE.U,MKFG,Markforged Holding Corp
2020-10-13,MNK,MNKKQ,Mallinckrodt PLC
2020-10-13,AUG,FURY,Fury Gold Mines Ltd.
2020-10-13,HOLUU,ASTR,Astra Space Inc
2020-10-13,NGA.U,LEV,Lion Electric Co.
2020-10-14,HZAC.U,SEAT,Vivid Seats Inc
2020-10-15,CCCL,AEHL,Antelope Enterprise Holdings Ltd.
2020-10-15,SAQN,CURI,Curiositystream Inc
2020-10-15,INSU,SFT,Shift Technologies Inc
2020-10-16,FTOCU,PAYO,Payoneer Global Inc
2020-10-16,FMCI,TTCF,Tattooed Chef Inc
2020-10-16,CKDXY,OPT,Opthea Ltd.
2020-10-19,FTAC,PAYA,Paya Holdings Inc
2020-10-19,AWSM,SIMPQ,Simply Inc
2020-10-19,CFIIU,VIEW,View Inc
2020-10-21,KSMTU,GDEV,Nexters Inc
2020-10-21,LCAPU,MSPR,Msp Recovery Inc
2020-10-21,BOWXU,WE,Wework Inc
2020-10-22,ABCZY,ABCM,Abcam PLC
2020-10-26,AI,AAIC,Arlington Asset Investment Corp
2020-10-26,DPHC,RIDE,Lordstown Motors Corp
2020-10-27,ARYB,CERE,Cerevel Therapeutics Holdings Inc
2020-10-27,IACA.U,TBLA,Taboolacom Ltd.
2020-10-29,BRFRY,BUR,Burford Capital Ltd.
2020-10-29,CPAA,ADV,Advantage Solutions Inc
2020-10-30,SPAQ,FSR,Fisker Inc
2020-10-30,HTZ,HTZGQ,Hertz Global Holdings Inc
2020-11-02,SVACU,CYXT,Cyxtera Technologies Inc
2020-11-02,TMTSU,NN,Nextnav Inc
2020-11-02,HCCO,TLMD,Soc Telemed Inc
2020-11-02,SNPR.U,VLTA,Volta Inc
2020-11-03,CBL,CBLAQ,Cbl & Associates Properties Inc
2020-11-03,NSH.U,SPIR,Spire Global Inc
2020-11-05,SBG.U,OWLT,Owlet Inc
2020-11-05,VSTR,NCPL,Netcapital Inc
2020-11-06,TWCTU,CLBT,Cellebrite Di Ltd.
2020-11-06,ENPC.U,GRNT,Granite Ridge Resources Inc
2020-11-06,REXN,OCUP,Ocuphire Pharma Inc
2020-11-09,OACB.U,ALVO,Alvotech
2020-11-09,KBLM,ATNF,180 Life Sciences Corp
2020-11-09,TRWH,BALY,Bally's Corp
2020-11-09,RTP.U,JOBY,Joby Aviation Inc
2020-11-09,INAQU,MILE,Metromile Inc
2020-11-10,ITACU,ARBE,Arbe Robotics Ltd.
2020-11-10,NWGI,ELYS,Elys Game Technology Corp
2020-11-11,NFIN,TRIRF,Triterras Inc
2020-11-12,GRAM,AENZ,Aenza Saa
2020-11-12,EDNT,BBIG,Vinco Ventures Inc
2020-11-13,CAPAU,QSI,Quantum-si Inc
2020-11-13,AXGT,SIOX,Sio Gene Therapies Inc
2020-11-13,ASPL.U,UP,Wheels Up Experience Inc
2020-11-16,PDAC.U,LICY,Li-cycle Holdings Corp
2020-11-16,HEBT,NISN,Nisun International Enterprise Development Group Co Ltd.
2020-11-16,CMLFU,SMFR,Sema4 Holdings Corp
2020-11-17,BMRG,EOSE,Eos Energy Enterprises Inc
2020-11-17,PAICU,REVB,Revelation Biosciences Inc
2020-11-17,MYL,VTRS,Viatris Inc
2020-11-18,CFFA,GCMG,Gcm Grosvenor Inc
2020-11-18,MYOS,MDVL,Medavail Holdings Inc
2020-11-18,FVAC,MP,Mp Materials Corp
2020-11-18,ORSN,UK,Ucommune International Ltd.
2020-11-19,RTRX,TVTX,Travere Therapeutics Inc
2020-11-19,NBA.U,MIMO,Airspan Networks Holdings Inc
2020-11-19,DBDRU,CMPO,Composecure Inc
2020-11-19,VIHAU,BKKT,Bakkt Holdings Inc
2020-11-20,FGNA.U,OPFI,Oppfi Inc
2020-11-20,FTIVU,PWP,Perella Weinberg Partners
2020-11-23,SBPH,FSTX,F-star Therapeutics Inc
2020-11-23,APSG.U,GBTG,Global Business Travel Group Inc
2020-11-23,LGC,ID,Parts Id Inc
2020-11-23,QELLU,LILM,Lilium Nv
2020-11-23,IMPX.U,LVWR,Livewire Group Inc
2020-11-23,VGAC.U,ME,23andme Holding Co.
2020-11-23,SEAH.U,SGHC,Super Group (sghc) Ltd.
2020-11-23,FCACU,SHCR,Sharecare Inc
2020-11-24,CLII.U,EVGO,Evgo Inc
2020-11-24,VACQU,RKLB,Rocket Lab Usa Inc
2020-11-24,VSPRU,SKIN,Beauty Health Co.
2020-11-25,ACTCU,PTRA,Proterra Inc
2020-11-27,EMPW.U,HLLY,Holley Inc
2020-11-27,KCAC,QS,Quantumscape Corp
2020-11-27,PACE.U,NRDY,Nerdy Inc
2020-11-27,GSH,GSHHY,Guangshen Railway Co Ltd.
2020-11-27,FMAC.U,STRY,Starry Group Holdings Inc
2020-11-30,STWOU,GWH,Ess Tech Inc
2020-11-30,IPOE.U,SOFI,Sofi Technologies Inc
2020-12-01,AHACU,HUMA,Humacyte Inc
2020-12-01,WRTC,WRAP,Wrap Technologies Inc
2020-12-01,AAN.W,AAN,Aaron's Company Inc
2020-12-02,BSN.U,EVTL,Vertical Aerospace Ltd.
2020-12-02,AGCUU,GRAB,Grab Holdings Ltd.
2020-12-02,SNBP,PBLA,Panbela Therapeutics Inc
2020-12-02,BFT.U,PSFE,Paysafe Ltd.
2020-12-03,GMHI,LAZR,Luminar Technologies Inc
2020-12-03,LCYAU,HLMN,Hillman Solutions Corp
2020-12-04,BTE,BTEGF,Baytex Energy Corp
2020-12-07,GWACU,CIFR,Cipher Mining Inc
2020-12-07,DSACU,NOTE,Fiscalnote Holdings Inc
2020-12-08,YSACU,SKYH,Sky Harbour Group Corp
2020-12-08,MAACU,ROIV,Roivant Sciences Ltd.
2020-12-09,CTDH,CYTH,Cyclo Therapeutics Inc
2020-12-09,SVSVU,SMR,Nuscale Power Corp
2020-12-09,NGACU,XOS,Xos Inc
2020-12-10,TRNE,DM,Desktop Metal Inc
2020-12-10,SGAMU,RDBX,Redbox Entertainment Inc
2020-12-11,CTAC.U,KORE,Kore Group Holdings Inc
2020-12-11,SPNV.U,OPAD,Offerpad Solutions Inc
2020-12-11,XPOA.U,QBTS,D-wave Quantum Inc
2020-12-14,DCRBU,HYZN,Hyzon Motors Inc
2020-12-14,ATAC.U,OWL,Blue Owl Capital Inc
2020-12-15,TZAC,RVPH,Reviva Pharmaceuticals Holdings Inc
2020-12-17,MOTNU,DCGO,Docgo Inc
2020-12-17,PIH,FGF,Fg Financial Group Inc
2020-12-17,OPES,BFI,Burgerfi International Inc
2020-12-18,ACIC.U,ACHR,Archer Aviation Inc
2020-12-18,FEAC,SKLZ,Skillz Inc
2020-12-18,AJAX.U,CZOO,Cazoo Group Ltd.
2020-12-18,STIC.U,BARK,Bark Inc
2020-12-18,SAMA,CLVR,Clever Leaves Holdings Inc
2020-12-21,OTRAU,CMRA,Comera Life Sciences Holdings Inc
2020-12-21,IRET,CSR,Centerspace
2020-12-21,ACACU,MYPS,Playstudios Inc
2020-12-21,IPOB,OPEN,Opendoor Technologies Inc
2020-12-22,HCAC,GOEV,Canoo Inc
2020-12-22,KTOV,PPBT,Purple Biotech Ltd.
2020-12-22,PIC,XL,Xl Fleet Corp
2020-12-23,PTI,YMTX,Yumanity Therapeutics Inc
2020-12-23,MNCL,ASLE,Aersale Corp
2020-12-23,HYAC,ARKO,Arko Corp
2020-12-24,RICE.U,LFG,Archaea Energy Inc
2020-12-24,PTAC,PRCH,Porch Group Inc
2020-12-24,LSAC,VINC,Vincerx Pharma Inc
2020-12-29,GEC,GEG,Great Elm Group Inc
2020-12-30,LOAK,DNMR,Danimer Scientific Inc
2020-12-30,LCA,GNOG,Golden Nugget Online Gaming Inc
2020-12-30,RMG,RMO,Romeo Power Inc
2020-12-30,DMYT,RSI,Rush Street Interactive Inc
2020-12-31,TSIAU,LTCH,Latch Inc
2020-12-31,TOTA,CLNN,Clene Inc
2020-12-31,AMRH,ENVB,Enveric Biosciences Inc
2021-01-04,DMYI.U,IONQ,Ionq Inc
2021-01-04,BTUX,MCF,Contango Oil & Gas Co.
2021-01-04,MCC,PFX,Phenixfin Corp
2021-01-04,DRAD,STRR,Star Equity Holdings Inc
2021-01-05,NVUS,ELDN,Eledon Pharmaceuticals Inc
2021-01-07,ZNTEU,EVEX,Eve Holding Inc
2021-01-07,PRSC,MODV,Modivcare Inc
2021-01-08,IPOC,CLOV,Clover Health Investments Corp
2021-01-08,JCPNQ,CPPRQ,Old Copper Company Inc
2021-01-08,LFAC,LSEA,Landsea Homes Corp
2021-01-11,IIAC.U,ZGN,Ermenegildo Zegna Nv
2021-01-11,CHFW.U,SRZN,Surrozen Inc
2021-01-11,RTPZ.U,HIPO,Hippo Holdings Inc
2021-01-11,CFACU,LIDR,Aeye Inc
2021-01-13,SMMC,BTRS,Btrs Holdings Inc
2021-01-13,VCVCU,REE,Ree Automotive Ltd.
2021-01-14,GNPK.U,RDW,Redwire Corp
2021-01-15,FRX.U,BODY,Beachbody Company Inc
2021-01-15,SPRQ.U,SUNL,Sunlight Financial Holdings Inc
2021-01-19,FCAU,STLA,Stellantis Nv
2021-01-20,MGEN,VRDN,Viridian Therapeutics Inc
2021-01-21,OAC,HIMS,Hims & Hers Health Inc
2021-01-21,PECK,ISUN,Isun Inc
2021-01-22,CAP.U,DOMA,Doma Holdings Inc
2021-01-22,ACAM,LOTZ,Carlotz Inc
2021-01-22,GHIV,UWMC,Uwm Holdings Corp
2021-01-25,LOKB.U,NVTS,Navitas Semiconductor Corp
2021-01-25,SPFR.U,VLD,Velo3d Inc
2021-01-26,AAXN,AXON,Axon Enterprise Inc
2021-01-28,DDMXU,CDRO,Codere Online Luxembourg SA
2021-01-29,DWIN.U,FOXO,Foxo Technologies Inc
2021-02-01,PEIX,ALTO,Alto Ingredients Inc
2021-02-01,CBAH.U,AMPS,Altus Power Inc
2021-02-01,NOVS,APPH,Appharvest Inc
2021-02-01,CCC,CLVT,Clarivate PLC
2021-02-01,BDGE,DCOM,Dime Community Bancshares Inc
2021-02-01,MOTV.U,FRGE,Forge Global Holdings Inc
2021-02-01,RMGBU,RNW,Renew Energy Global PLC
2021-02-01,NEBCU,ROVR,Rover Group Inc
2021-02-02,GHVIU,MTTR,Matterport Inc
2021-02-04,CTRA,AMR,Alpha Metallurgical Resources Inc
2021-02-04,MRACU,ENJYQ,Enjoy Technology Inc
2021-02-04,PCPL,ETWO,E2open Parent Holdings Inc
2021-02-05,VTAQU,PRST,Presto Automation Inc
2021-02-05,CCV.U,CCV,Churchill Capital Corp V
2021-02-05,HFEN,AEI,Alset Inc
2021-02-05,AMCI,ADN,Advent Technologies Holdings Inc
2021-02-05,GLAQU,AFRI,Forafric Global PLC
2021-02-08,FSDC,GMTX,Gemini Therapeutics Inc
2021-02-08,SALT,NETI,Eneti Inc
2021-02-08,YRCW,YELL,Yellow Corp
2021-02-09,CEL,CELJF,Cellcom Israel Ltd.
2021-02-09,BLUWU,CRXTQ,Clarus Therapeutics Holdings Inc
2021-02-09,TVACU,ISPO,Inspirato Inc
2021-02-09,ZMTP,MINM,Minim Inc
2021-02-09,BCYPU,SABS,Sab Biotherapeutics Inc
2021-02-10,TRPXY,SPRC,Scisparc Ltd.
2021-02-10,SVOKU,BOXD,Boxed Inc
2021-02-10,INAQ,MILE,Metromile Inc
2021-02-11,MCAC,PLBY,Plby Group Inc
2021-02-11,RAACU,BGRY,Berkshire Grey Inc
2021-02-11,PANA,NUVB,Nuvation Bio Inc
2021-02-12,VIIAU,VII,7gc & Co Holdings Inc
2021-02-16,LGVW,BFLY,Butterfly Network Inc
2021-02-17,XAN,ACR,Acres Commercial Realty Corp
2021-02-17,GRBX,RVYL,Ryvyl Inc
2021-02-17,WYND,TNL,Travel & Leisure Co.
2021-02-22,BCACU,APGN,Apexigen Inc
2021-02-22,CVLB,LFMD,Lifemd Inc
2021-02-24,SNSS,VIRX,Viracta Therapeutics Inc
2021-02-25,HMI,ZEPP,Zepp Health Corp
2021-02-26,STPC.U,BHIL,Benson Hill Inc
2021-02-26,TGC,REPX,Riley Exploration Permian Inc
2021-03-01,TPRE,SPNT,Siriuspoint Ltd.
2021-03-01,IVAN.U,SES,Ses Ai Corp
2021-03-01,LHC.U,LHC,Leo Holdings Corp Ii
2021-03-01,PPGHU,GGR,Gogoro Inc
2021-03-01,LWACU,EFTR,Effector Therapeutics Inc
2021-03-01,SBE,CHPT,Chargepoint Holdings Inc
2021-03-01,SWBK.U,BRDS,Bird Global Inc
2021-03-04,LEGOU,ASTL,Algoma Steel Group Inc
2021-03-04,POWRU,POW,Powered Brands
2021-03-05,TRXC,ASXC,Asensus Surgical Inc
2021-03-05,ENFAU,BZFD,Buzzfeed Inc
2021-03-05,NGAB.U,EMBK,Embark Technology Inc
2021-03-08,ARKIU,BBLN,Babylon Holdings Ltd.
2021-03-08,HCCCU,DRTS,Alpha Tau Medical Ltd.
2021-03-08,ENVIU,GRNA,Greenlight Biosciences Holdings Pbc
2021-03-08,ROT.U,STRC,Sarcos Technology & Robotics Corp
2021-03-09,CFII,VIEW,View Inc
2021-03-09,PICO,VWTR,Vidler Water Resources Inc
2021-03-10,NK,IBRX,Immunitybio Inc
2021-03-10,EUSGU,ADSE,Ads-tec Energy Public Ltd Co.
2021-03-11,SLCRU,THCH,Th International Ltd.
2021-03-15,AESUU,AESC,Aes Corp
2021-03-15,IPV,AEVA,Aeva Technologies Inc
2021-03-15,CLA,OUST,Ouster Inc
2021-03-15,GMIIU,SOND,Sonder Holdings Inc
2021-03-15,GMBTU,SWVL,Swvl Holdings Corp
2021-03-16,WIZP,MIGI,Mawson Infrastructure Group Inc
2021-03-16,VOSOU,WEJO,Wejo Group Ltd.
2021-03-17,MCADU,BTTX,Better Therapeutics Inc
2021-03-17,ANCN,CMMB,Chemomab Therapeutics Ltd.
2021-03-18,ROCH,PCT,Purecycle Technologies Inc
2021-03-19,CAHCU,LMDX,Lumiradx Ltd.
2021-03-22,BASI,NOTV,Inotiv Inc
2021-03-22,MIT.U,MIT,Mason Industrial Technology Inc
2021-03-22,LOAC,LBPS,4d Pharma PLC
2021-03-23,JE,JENGQ,Just Energy Group Inc
2021-03-23,NBAC,NVVE,Nuvve Holding Corp
2021-03-24,ITHXU,MOND,Mondee Holdings Inc
2021-03-25,CIIC,ARVL,Arrival
2021-03-25,GCACU,CPTN,Cepton Inc
2021-03-25,SJIIU,SJIV,South Jersey Industries Inc
2021-03-26,NTN,ERNA,Eterna Therapeutics Inc
2021-03-26,GEN,GENN,Genesis Healthcare Inc
2021-03-26,CFFVU,SATL,Satellogic Inc
2021-03-29,ATMR.U,FATH,Fathom Digital Manufacturing Corp
2021-03-29,NXU.U,NRGV,Energy Vault Holdings Inc
2021-03-30,MATN,OTLC,Oncotelic Therapeutics Inc
2021-03-31,ROCRU,QTEK,Qualtek Services Inc
2021-03-31,BFT,PSFE,Paysafe Ltd.
2021-03-31,CGIX,VYNT,Vyant Bio Inc
2021-03-31,SONA,FRST,Primis Financial Corp
2021-03-31,THMAU,PEAR,Pear Therapeutics Inc
2021-04-01,SPAQ.U,ALLG,Allego Nv
2021-04-01,CENHU,ARQQ,Arqit Quantum Inc
2021-04-01,KURIU,BBLN,Babylon Holdings Ltd.
2021-04-01,DCRNU,DCFC,Tritium Dcfc Ltd.
2021-04-01,SNE,SONY,Sony Group Corp
2021-04-05,GIGGU,BBAI,Bigbearai Holdings Inc
2021-04-05,NSCO,CTOS,Custom Truck One Source Inc
2021-04-05,IACB.U,CTV,Innovid Corp
2021-04-05,RPLA,FOA,Finance Of America Companies Inc
2021-04-06,TCACU,SBIG,Springbig Holdings Inc
2021-04-06,FOREU,PIII,P3 Health Partners Inc
2021-04-06,BOAS.U,SLNA,Selina Hospitality PLC
2021-04-06,ENNVU,FSRD,Fast Radius Inc
2021-04-06,CGRO,INVZ,Innoviz Technologies Ltd.
2021-04-07,NPA,ASTS,Ast Spacemobile Inc
2021-04-08,XPDIU,CORZ,Core Scientific Inc
2021-04-09,ETM,AUD,Audacy Inc
2021-04-13,BRPMU,FAZE,Faze Holdings Inc
2021-04-14,CFVIU,RUM,Rumble Inc
2021-04-14,ASPCU,STIX,Semantix Inc
2021-04-19,USAT,CTLP,Cantaloupe Inc
2021-04-19,SRNGU,DNA,Ginkgo Bioworks Holdings Inc
2021-04-19,LIII.U,LOCL,Local Bounti Corporation
2021-04-19,AKER,MYMD,Mymd Pharmaceuticals Inc
2021-04-19,KCAC.U,WBX,Wallbox Nv
2021-04-20,WBAI,BTCM,Bit Mining Ltd.
2021-04-20,MACQU,ADTH,Adtheorent Holding Company Inc
2021-04-21,DMYD,GENI,Genius Sports Ltd.
2021-04-21,EJFAU,PGY,Pagaya Technologies Ltd.
2021-04-21,ISOS.U,BOWL,Bowlero Corp
2021-04-22,CPST,CGRN,Capstone Green Energy Corp
2021-04-22,SNII.U,RGTI,Rigetti Computing Inc
2021-04-23,AGLY,AGTI,Agiliti Inc
2021-04-23,CMIIU,SLGC,Somalogic Inc
2021-04-26,VPCC.U,DAVE,Dave Inc
2021-04-26,TWNT.U,LLAP,Terran Orbital Corp
2021-04-26,DMYQ.U,PL,Planet Labs Pbc
2021-04-27,CHFS,NUWE,Nuwellis Inc
2021-04-28,HYACU,BTMD,Biote Corp
2021-04-28,SNCA,PALI,Palisade Bio Inc
2021-04-29,STPK,STEM,Stem Inc
2021-04-30,MWK,ATER,Aterian Inc
2021-05-03,SBEAU,BRCC,Brc Inc
2021-05-03,GTXMQ,GTX,Garrett Motion Inc
2021-05-06,VSPR,SKIN,Beauty Health Co.
2021-05-06,GSX,GOTU,Gaotu Techedu Inc
2021-05-07,ATHN.U,HLGN,Heliogen Inc
2021-05-07,NGA,LEV,Lion Electric Co.
2021-05-07,GIK,ZEV,Lightning Emotors Inc
2021-05-10,RTPYU,AUR,Aurora Innovation Inc
2021-05-10,EXPC,BLDE,Blade Air Mobility Inc
2021-05-13,VGII.U,GROV,Grove Collaborative Holdings Inc
2021-05-17,KSICU,KSI,Kadem Sustainable Impact Corp
2021-05-17,SAFO,SVFD,Save Foods Inc
2021-05-18,LCAHU,LCA,Landcadia Holdings Iv Inc
2021-05-18,GGPIU,PSNY,Polestar Automotive Holding Uk PLC
2021-05-18,DCRCU,SLDP,Solid Power Inc
2021-05-19,NGCAU,VORB,Virgin Orbit Holdings Inc
2021-05-20,LLIT,NEGG,Newegg Commerce Inc
2021-05-20,ATAC,OWL,Blue Owl Capital Inc
2021-05-24,PLT,POLY,Plantronics Inc
2021-05-24,ACTDU,OPAL,Opal Fuels Inc
2021-05-24,AMAR,AIMD,Ainos Inc
2021-05-24,NWIN,FNWD,Finward Bancorp
2021-05-25,BRPA,NRXP,Nrx Pharmaceuticals Inc
2021-06-01,ADF.U,HGTY,Hagerty Inc
2021-06-01,IPOE,SOFI,Sofi Technologies Inc
2021-06-02,STIC,BARK,Bark Inc
2021-06-03,CMLTU,EQRX,Eqrx Inc
2021-06-03,OGN.W,OGN,Organon & Co.
2021-06-04,JWS,CANO,Cano Health Inc
2021-06-07,TSIA,LTCH,Latch Inc
2021-06-08,JIH,JBI,Janus International Group Inc
2021-06-08,BSPE,VWE,Vintage Wine Estates Inc
2021-06-09,DFHT,CMAX,Caremax Inc
2021-06-10,ARYA,NAUT,Nautilus Biotechnology Inc
2021-06-10,GIX,UPH,Uphealth Inc
2021-06-10,FSRV,KPLT,Katapult Holdings Inc
2021-06-11,THBR,INDI,Indie Semiconductor Inc
2021-06-11,CAPA,QSI,Quantum-si Inc
2021-06-11,TOT,TTE,Totalenergies Se
2021-06-12,CLNY,DBRG,Digitalbridge Group Inc
2021-06-14,CCX,SKIL,Skillsoft Corp
2021-06-15,TKAYY,JTKWY,Just Eat Takeawaycom Nv
2021-06-15,SVMK,MNTV,Momentive Global Inc
2021-06-15,ACTC,PTRA,Proterra Inc
2021-06-16,OBLN,RSLS,Reshape Lifesciences Inc
2021-06-16,MYT,BTB,Bit Brother Ltd.
2021-06-16,SSPK,MAPS,Wm Technology Inc
2021-06-17,FAII,ATIP,Ati Physical Therapy Inc
2021-06-17,GRMM,GROM,Grom Social Enterprises Inc
2021-06-17,VGAC,ME,23andme Holding Co.
2021-06-21,SYX,GIC,Global Industrial Co.
2021-06-22,ACAC,MYPS,Playstudios Inc
2021-06-22,CRSA,LVOX,Livevox Holdings Inc
2021-06-23,HEC,TALK,Talkspace Inc
2021-06-25,CLNC,BRSP,Brightspire Capital Inc
2021-06-25,FTIV,PWP,Perella Weinberg Partners
2021-06-25,AACQ,ORGN,Origin Materials Inc
2021-06-28,MLND,TPST,Tempest Therapeutics Inc
2021-06-28,TUGCU,SAI,Saitech Global Corp
2021-06-28,FTOC,PAYO,Payoneer Global Inc
2021-06-28,TRCH,MMAT,Meta Materials Inc
2021-06-28,FIII,ELMSQ,Electric Last Mile Solutions Inc
2021-06-28,FRX,BODY,Beachbody Company Inc
2021-06-28,FIIIW,ELMWQ,Electric Last Mile Solutions Inc
2021-06-29,AHC,DALN,Dallasnews Corp
2021-06-29,TBA,IS,Ironsource Ltd.
2021-06-30,IACA,TBLA,Taboolacom Ltd.
2021-07-01,DTM.W,DTM,Dt Midstream Inc
2021-07-01,RACA,PNT,Point Biopharma Global Inc
2021-07-01,HOL,ASTR,Astra Space Inc
2021-07-02,APXT,AVPT,Avepoint Inc
2021-07-02,LACQ,ENSC,Ensysce Biosciences Inc
2021-07-02,CLII,EVGO,Evgo Inc
2021-07-02,CPTA,LRFC,Logan Ridge Finance Corp
2021-07-02,FCAC,SHCR,Sharecare Inc
2021-07-06,WPF,ALIT,Alight Inc
2021-07-08,ALUS,FREY,Freyr Battery
2021-07-09,MKGI,NXTP,Nextplay Technologies Inc
2021-07-12,GIWWU,GIW,Giginternational1 Inc
2021-07-12,SPRQ,SUNL,Sunlight Financial Holdings Inc
2021-07-14,IDTY,AUID,Authid Inc
2021-07-14,ASPL,UP,Wheels Up Experience Inc
2021-07-15,RSVA,ENVX,Enovix Corp
2021-07-15,LCY,HLMN,Hillman Solutions Corp
2021-07-15,AONE,MKFG,Markforged Holding Corp
2021-07-16,SBG,OWLT,Owlet Inc
2021-07-16,ARTAU,PRE,Prenetics Global Ltd.
2021-07-19,GXGX,CELU,Celularity Inc
2021-07-19,NHIC,EVLV,Evolv Technologies Holdings Inc
2021-07-19,EMPW,HLLY,Holley Inc
2021-07-19,DCRB,HYZN,Hyzon Motors Inc
2021-07-21,ISNS,AATC,Autoscope Technologies Corp
2021-07-21,FGNA,OPFI,Oppfi Inc
2021-07-21,ANDA,SNAX,Stryve Foods Inc
2021-07-22,RAAC,BGRY,Berkshire Grey Inc
2021-07-22,PSAC,FFIE,Faraday Future Intelligent Electric Inc
2021-07-22,ACND,MKTW,Marketwise Inc
2021-07-23,CMLF,SMFR,Sema4 Holdings Corp
2021-07-23,GHVI,MTTR,Matterport Inc
2021-07-23,VCVC,REE,Ree Automotive Ltd.
2021-07-26,EARS,CYTO,Altamira Therapeutics Ltd.
2021-07-26,CCIV,LCID,Lucid Group Inc
2021-07-26,THCB,MVST,Microvast Holdings Inc
2021-07-28,MTSL,SBET,Sharplink Gaming Ltd.
2021-07-29,CAP,DOMA,Doma Holdings Inc
2021-07-29,ROCC,RSVR,Reservoir Media Inc
2021-07-30,SVAC,CYXT,Cyxtera Technologies Inc
2021-08-02,NEBC,ROVR,Rover Group Inc
2021-08-02,DGNR,CCCS,Ccc Intelligent Solutions Holdings Inc
2021-08-03,RTPZ,HIPO,Hippo Holdings Inc
2021-08-03,MDCA,STGW,Stagwell Inc
2021-08-03,LB,BBWI,Bath & Body Works Inc
2021-08-03,PQG,ECVT,Ecovyst Inc
2021-08-04,NTEC,INDP,Indaptus Therapeutics Inc
2021-08-04,CLAQU,KITT,Nauticus Robotics Inc
2021-08-04,PWVI,SCWO,374water Inc
2021-08-05,GRSV,AMBP,Ardagh Metal Packaging SA
2021-08-05,OCBI,OBT,Orange County Bancorp Inc
2021-08-06,GPCOU,HOLO,Microcloud Hologram Inc
2021-08-10,SPKE,VIA,Via Renewables Inc
2021-08-11,RTP,JOBY,Joby Aviation Inc
2021-08-11,PDAC,LICY,Li-cycle Holdings Corp
2021-08-11,BCTG,TNGX,Tango Therapeutics Inc
2021-08-12,SCPE,RKLY,Rockley Photonics Holdings Ltd.
2021-08-12,CHFW,SRZN,Surrozen Inc
2021-08-13,SRAC,MNTS,Momentus Inc
2021-08-13,ETH,ETD,Ethan Allen Interiors Inc
2021-08-16,GRNV,HLBZ,Helbiz Inc
2021-08-16,NBA,MIMO,Airspan Networks Holdings Inc
2021-08-16,SAII,OTMO,Otonomo Technologies Ltd.
2021-08-17,NSH,SPIR,Spire Global Inc
2021-08-18,CFAC,LIDR,Aeye Inc
2021-08-20,NLITU,SHFS,Shf Holdings Inc
2021-08-20,NGAC,XOS,Xos Inc
2021-08-24,LIVK,AGIL,Agilethought Inc
2021-08-24,CNTQU,DFLI,Dragonfly Energy Holdings Corp
2021-08-24,RMGB,RNW,Renew Energy Global PLC
2021-08-25,VACQ,RKLB,Rocket Lab Usa Inc
2021-08-25,FWAA,SMRT,Smartrent Inc
2021-08-26,LWAC,EFTR,Effector Therapeutics Inc
2021-08-26,CERC,AVTX,Avalo Therapeutics Inc
2021-08-27,ARPO,AADI,Aadi Bioscience Inc
2021-08-27,AJAX,CZOO,Cazoo Group Ltd.
2021-08-27,KSMT,GDEV,Nexters Inc
2021-08-27,AHAC,HUMA,Humacyte Inc
2021-08-27,DFNS,IRNT,Ironnet Inc
2021-08-27,SNPR,VLTA,Volta Inc
2021-08-30,GWAC,CIFR,Cipher Mining Inc
2021-08-31,TWCT,CLBT,Cellebrite Di Ltd.
2021-08-31,CBLI,STAB,Statera Biopharma Inc
2021-09-02,RICOU,KAL,Kalera Public Ltd Co.
2021-09-02,SPNV,OPAD,Offerpad Solutions Inc
2021-09-02,CMII,SLGC,Somalogic Inc
2021-09-03,GNPK,RDW,Redwire Corp
2021-09-03,CHAQ,RCOR,Renovacor Inc
2021-09-07,CENH,ARQQ,Arqit Quantum Inc
2021-09-09,CATB,ATXS,Astria Therapeutics Inc
2021-09-10,SFTW,BKSY,Blacksky Technology Inc
2021-09-10,BLUW,CRXTQ,Clarus Therapeutics Holdings Inc
2021-09-10,BLUWW,CRXWQ,Clarus Therapeutics Holdings Inc
2021-09-10,SOAC,TMC,Tmc The Metals Co Inc
2021-09-14,HVBT,HIVE,Hive Blockchain Technologies Ltd.
2021-09-15,QELL,LILM,Lilium Nv
2021-09-16,RICE,LFG,Archaea Energy Inc
2021-09-17,ACIC,ACHR,Archer Aviation Inc
2021-09-17,SRNG,DNA,Ginkgo Bioworks Holdings Inc
2021-09-20,HCHC,VATE,Innovate Corp
2021-09-20,DEH,RBOT,Vicarious Surgical Inc
2021-09-20,SWAGU,NOGN,Nogin Inc
2021-09-21,PACE,NRDY,Nerdy Inc
2021-09-22,AZRX,FWBI,First Wave Biopharma Inc
2021-09-23,FUSE,ML,Moneylion Inc
2021-09-24,CHWAU,PET,Wag! Group Co.
2021-09-27,AMHC,JSPR,Jasper Therapeutics Inc
2021-09-27,ROT,STRC,Sarcos Technology & Robotics Corp
2021-09-28,GLEEU,GSD,Global System Dynamics Inc
2021-09-29,ARHH,IONM,Assure Holdings Corp
2021-09-29,CAHC,LMDX,Lumiradx Ltd.
2021-09-30,WPG,WPGGQ,Washington Prime Group Inc
2021-09-30,PTK,VLN,Valens Semiconductor Ltd.
2021-09-30,SPFR,VLD,Velo3d Inc
2021-09-30,GLEO,SHPW,Shapeways Holdings Inc
2021-09-30,LATN,PROC,Procaps Group SA
2021-09-30,STPC,BHIL,Benson Hill Inc
2021-09-30,MAGS,SNT,Senstar Technologies Ltd.
2021-10-01,DMYI,IONQ,Ionq Inc
2021-10-01,CTAC,KORE,Kore Group Holdings Inc
2021-10-01,HJLI,NVNO,Envveno Medical Corp
2021-10-01,MAAC,ROIV,Roivant Sciences Ltd.
2021-10-01,FI,XPRO,Expro Group Holdings Nv
2021-10-04,CREE,WOLF,Wolfspeed Inc
2021-10-04,COG,CTRA,Coterra Energy Inc
2021-10-04,KCAC,WBX,Wallbox Nv
2021-10-05,RBC,RRX,Regal Rexnord Corp
2021-10-05,RXN,ZWS,Zurn Elkay Water Solutions Corp
2021-10-05,FEYE,MNDT,Mandiant Inc
2021-10-06,LIVX,LVO,Liveone Inc
2021-10-07,LSAQ,SNCE,Science 37 Holdings Inc
2021-10-08,ITAC,ARBE,Arbe Robotics Ltd.
2021-10-08,SCON,CLRD,Clearday Inc
2021-10-08,JCOM,ZD,Ziff Davis Inc
2021-10-11,STWO,GWH,Ess Tech Inc
2021-10-12,IARE,IVT,Inventrust Properties Corp
2021-10-13,KBSF,JXJT,Jx Luxventure Ltd.
2021-10-18,VIH,BKKT,Bakkt Holdings Inc
2021-10-18,MRAC,ENJYQ,Enjoy Technology Inc
2021-10-18,PVAC,ROCC,Ranger Oil Corp
2021-10-18,TYHT,SISI,Shineco Inc
2021-10-19,RVACU,WEST,Westrock Co.ffee Co
2021-10-19,HZAC,SEAT,Vivid Seats Inc
2021-10-20,LEGO,ASTL,Algoma Steel Group Inc
2021-10-20,LOKB,NVTS,Navitas Semiconductor Corp
2021-10-21,GSAH,MIR,Mirion Technologies Inc
2021-10-21,BOWX,WE,Wework Inc
2021-10-22,KURI,BBLN,Babylon Holdings Ltd.
2021-10-25,SGAM,RDBX,Redbox Entertainment Inc
2021-10-25,BCYP,SABS,Sab Biotherapeutics Inc
2021-10-29,MCAD,BTTX,Better Therapeutics Inc
2021-10-29,BXS,CADE,Cadence Bank
2021-10-29,TMTS,NN,Nextnav Inc
2021-10-29,APOP,QNRX,Quoin Pharmaceuticals Ltd.
2021-11-01,MLHR,MLKN,Millerknoll Inc
2021-11-01,TDAC,LTRY,Lotterycom Inc
2021-11-02,BCEI,CIVI,Civitas Resources Inc
2021-11-04,RTPY,AUR,Aurora Innovation Inc
2021-11-04,SWBK,BRDS,Bird Global Inc
2021-11-04,EVTCY,EVO,Evotec Se
2021-11-04,GIA.U,GIA,Gigcapital5 Inc
2021-11-04,MKTY,SLNH,Soluna Holdings Inc
2021-11-05,NETE,MULN,Mullen Automotive Inc
2021-11-08,MOTN,DCGO,Docgo Inc
2021-11-08,KVSB,KIND,Nextdoor Holdings Inc
2021-11-08,EYEG,KPRX,Kiora Pharmaceuticals Inc
2021-11-08,EDNCU,SATX,Satixfy Communications Ltd.
2021-11-09,HTZZ,HTZ,Hertz Global Holdings Inc
2021-11-10,SRNA,CEAD,Cea Industries Inc
2021-11-11,NGAB,EMBK,Embark Technology Inc
2021-11-15,CSU,SNDA,Sonida Senior Living Inc
2021-11-15,DFPH,TOI,Oncology Institute Inc
2021-11-16,SGOC,TROO,Troops Inc
2021-11-18,ADOM,EVTV,Envirotech Vehicles Inc
2021-11-19,VOSO,WEJO,Wejo Group Ltd.
2021-11-22,LIII,LOCL,Local Bounti Corporation
2021-11-29,LCW.U,LCW,Learn Cw Investment Corp
2021-11-30,HRTH,HHS,Harte Hanks Inc
2021-12-01,BRKS,AZTA,Azenta Inc
2021-12-01,FHBI,BAFN,Bayfirst Financial Corp
2021-12-01,DDMX,CDRO,Codere Online Luxembourg SA
2021-12-01,IACB,CTV,Innovid Corp
2021-12-02,AGC,GRAB,Grab Holdings Ltd.
2021-12-03,ADF,HGTY,Hagerty Inc
2021-12-06,ENFA,BZFD,Buzzfeed Inc
2021-12-06,THMA,PEAR,Pear Therapeutics Inc
2021-12-06,FORE,PIII,P3 Health Partners Inc
2021-12-06,FOUNU,RBT,Rubicon Technologies Inc
2021-12-07,MSRT,GWAV,Greenwave Technology Solutions Inc
2021-12-07,TPGS,VCSA,Vacasa Inc
2021-12-08,GIG,BBAI,Bigbearai Holdings Inc
2021-12-08,DMYQ,PL,Planet Labs Pbc
2021-12-09,DGNS,CVT,Cvent Holding Corp
2021-12-09,DCRC,SLDP,Solid Power Inc
2021-12-09,SVOK,BOXD,Boxed Inc
2021-12-10,CBAH,AMPS,Altus Power Inc
2021-12-10,AXH.U,AXH,Industrial Human Capital Inc
2021-12-10,CLI,VRE,Veris Residential Inc
2021-12-13,DPW,NILE,Bitnile Holdings Inc
2021-12-13,BHTG,RENO,Renovare Environmental Inc
2021-12-14,IKNX,WULF,Terawulf Inc
2021-12-15,YAC,SSU,Signa Sports United Nv
2021-12-16,IAIC,WAVD,Wavedancer Inc
2021-12-16,HX,AHG,Akso Health Group
2021-12-16,ISOS,BOWL,Bowlero Corp
2021-12-16,BSN,EVTL,Vertical Aerospace Ltd.
2021-12-20,MOSY,PRSO,Peraso Inc
2021-12-20,IIAC,ZGN,Ermenegildo Zegna Nv
2021-12-20,CMLT,EQRX,Eqrx Inc
2021-12-23,EUSG,ADSE,Ads-tec Energy Public Ltd Co.
2021-12-23,MACQ,ADTH,Adtheorent Holding Company Inc
2021-12-23,JUN.U,JUN,Juniper Ii Corp
2021-12-27,ATMR,FATH,Fathom Digital Manufacturing Corp
2021-12-27,HCAQ,HYPR,Hyperfine Inc
2021-12-27,FSII,PRDS,Pardes Biosciences Inc
2021-12-28,DBDR,CMPO,Composecure Inc
2021-12-29,INS,CCRD,Corecard Corp
2021-12-30,NGCA,VORB,Virgin Orbit Holdings Inc
2021-12-31,ATHN,HLGN,Heliogen Inc
2022-01-03,LGVCU,NUVOQ,Holdco Nuvo Group Dg Ltd.
2022-01-03,RNERU,HUBC,Hub Cyber Security Ltd.
2022-01-03,GBLIL,GBLL,Global Indemnity Group LLC
2022-01-04,CBRGU,CBRRF,Chain Bridge I
2022-01-04,IOACU,ZCAR,Zoomcar Holdings Inc
2022-01-05,LGSTU,TVGN,Tevogen Bio Holdings Inc
2022-01-06,VPCC,DAVE,Dave Inc
2022-01-06,ROCLU,NEHC,New Era Helium Inc
2022-01-07,JWACU,CJET,Chijet Motor Company Inc
2022-01-07,SINO,SGLY,Singularity Future Technology Ltd.
2022-01-10,IFIN.U,CURR,Currenc Group Inc
2022-01-10,ENCPU,GTI,Graphjet Technology
2022-01-10,NETC.U,VSTE,Vast Renewables Ltd.
2022-01-10,WLTW,WTW,Willis Towers Watson PLC
2022-01-11,APN.U,APNC,Apeiron Capital Investment Corp
2022-01-11,PAIC,REVB,Revelation Biosciences Inc
2022-01-14,CPSR.WS,GLSWQ,Gelesis Holdings Inc
2022-01-14,ODT,ODTC,Odonate Therapeutics Inc
2022-01-14,CPSR,GLSHQ,Gelesis Holdings Inc
2022-01-14,VHNAU,RDZN,Roadzen Inc
2022-01-14,DCRN,DCFCQ,Tritium Dcfc Ltd.
2022-01-14,MAAQU,CDIO,Cardio Diagnostics Holdings Inc
2022-01-14,DCRNW,DCFWQ,Tritium Dcfc Ltd.
2022-01-14,NAKD,CENN,Cenntro Inc
2022-01-19,OSMT,RVLPQ,Rvl Pharmaceuticals PLC
2022-01-19,GMII,SOND,Sonder Holdings Inc
2022-01-20,XPDIW,CRZWQ,Core Scientific Inc
2022-01-20,FVE,ALR,Alerislife Inc
2022-01-20,XPDI,CORZQ,Core Scientific Inc
2022-01-21,OSAT,NXPL,Nextplat Corp
2022-01-21,PACI.U,SOAR,Volato Group Inc
2022-01-24,CRY,AORT,Artivion Inc
2022-01-26,OLITU,OPTX,Syntec Optics Holdings Inc
2022-01-26,CFV,SATL,Satellogic Inc
2022-01-26,YSAC,SKYH,Sky Harbour Group Corp
2022-01-27,ZIOP,TCRT,Alaunos Therapeutics Inc
2022-01-28,SEAH,SGHC,Super Group (sghc) Ltd.
2022-01-28,TREB,SST,System1 Inc
2022-01-31,HKIB,AMTD,Amtd Idea Group
2022-01-31,BRKHU,BZAI,Blaize Holdings Inc
2022-01-31,RDS.A,SHEL,Shell PLC
2022-02-01,XPDBU,AIRJ,Airjoule Technologies Corp
2022-02-01,FRBNU,ENGN,Engene Holdings Inc
2022-02-02,TRIT,TRIRF,Triterras Inc
2022-02-02,CEGVV,CEG,Constellation Energy Corp
2022-02-03,ENVI,GRNA,Greenlight Biosciences Holdings Pbc
2022-02-04,VMAC,ANGH,Anghami Inc
2022-02-04,IVAN,SES,Ses Ai Corp
2022-02-07,MVEN,AREN,Arena Group Holdings Inc
2022-02-07,SZZLU,CRML,Critical Metals Corp
2022-02-07,ENNV,FSRDQ,Fast Radius Inc
2022-02-07,MCMJ,LFLY,Leafly Holdings Inc
2022-02-09,CCAC.WS,QNGWQ,Quanergy Systems Inc
2022-02-09,CCAC,QNGYQ,Quanergy Systems Inc
2022-02-10,SBEA,BRCC,Brc Inc
2022-02-10,SQFL,SKYX,Skyx Platforms Corp
2022-02-10,LSPRU,ZVSA,Zyversa Therapeutics Inc
2022-02-11,GCAC,CPTN,Cepton Inc
2022-02-14,NXU,NRGV,Energy Vault Holdings Inc
2022-02-14,TVAC,ISPO,Inspirato Inc
2022-02-15,ROCR,QTEKQ,Qualtek Services Inc
2022-02-15,ROCRW,QTEWQ,Qualtek Services Inc
2022-02-15,AFIN,RTL,Necessity Retail Reit Inc
2022-02-15,PLIN,BTOG,Bit Origin Ltd.
2022-02-17,VIAC,PARA,Paramount Global
2022-02-17,VIACA,PARAA,Paramount Global
2022-02-22,IVCPU,ANNA,Aleanna Inc
2022-02-22,BOCNU,TNMG,Tnl Mediagene
2022-02-22,BOMN,BOC,Boston Omaha Corp
2022-02-23,ALTM,KNTK,Kinetik Holdings Inc
2022-02-23,AIBBU,PSIG,Ps International Group Ltd.
2022-03-01,SCRMU,LION,Lionsgate Studios Corp
2022-03-01,CINR,SIRE,Sisecam Resources Lp
2022-03-02,SNII,RGTI,Rigetti Computing Inc
2022-03-02,NXTD,LGMK,Logicmark Inc
2022-03-04,KYCHU,ZOOZ,Zooz Power Ltd.
2022-03-04,BFRA,BFAGY,Biofrontera Ag
2022-03-07,WNNR.U,ZPTA,Zapata Computing Holdings Inc
2022-03-08,HCCC,DRTS,Alpha Tau Medical Ltd.
2022-03-08,EMPR,EP,Empire Petroleum Corp
2022-03-09,ACABU,ABP,Abpro Holdings Inc
2022-03-10,CNCG,MGLD,Marygold Companies Inc
2022-03-11,NJMC,IDR,Idaho Strategic Resources Inc
2022-03-11,GRUB,JTKWY,Just Eat Takeawaycom Nv
2022-03-11,BYN.U,PNST,Pinstripes Holdings Inc
2022-03-14,IGAP,GCTK,Glucotrack Inc
2022-03-15,HFC,DINO,Hf Sinclair Corp
2022-03-16,HCMAU,MRNO,Murano Global Investments PLC
2022-03-16,BWAQU,TOYO,Toyo Co Ltd.
2022-03-17,SPAQ,ALLGF,Allego Nv
2022-03-18,LATGU,KBSX,Fst Corp
2022-03-18,ASCAU,NIVF,Newgenivf Group Ltd.
2022-03-18,BTNB,PGRU,Propertyguru Group Ltd.
2022-03-21,ATAKU,DHAI,Dih Holding Us Inc
2022-03-22,MOTV,FRGE,Forge Global Holdings Inc
2022-03-22,REPH,SCTL,Societal Cdmo Inc
2022-03-23,HGSH,GGEI,Green Giant Inc
2022-03-24,ACAXU,HWH,Hwh International Inc
2022-03-28,MURFU,CDT,Conduit Pharmaceuticals Inc
2022-03-28,TWNT,LLAP,Terran Orbital Corp
2022-03-28,ACY,MPU,Mega Matrix Corp
2022-03-29,FMAC,STRYQ,Starry Group Holdings Inc
2022-03-29,FMAC.WS,STYWQ,Starry Group Holdings Inc
2022-03-29,JCS,SUNE,Sunation Energy Inc
2022-04-01,GMBT,SWVL,Swvl Holdings Corp
2022-04-01,JW.A,WLY,John Wiley & Sons Inc
2022-04-01,JW.B,WLYB,John Wiley & Sons Inc
2022-04-04,ADS,BFH,Bread Financial Holdings Inc
2022-04-04,JGGCU,CAPT,Captivision Inc
2022-04-04,CLNH,NUTX,Nutex Health Inc
2022-04-05,CFX,ENOV,Enovis Corp
2022-04-05,PPGH,GGR,Gogoro Inc
2022-04-06,RVI,RVIC,Retail Value Inc
2022-04-06,HLXA,MLTX,Moonlake Immunotherapeutics
2022-04-06,HNRA.U,EONR,Eon Resources Inc
2022-04-06,FLDM,LAB,Standard Biotools Inc
2022-04-07,GENQU,ESGL,Esgl Holdings Ltd.
2022-04-11,DISCA,WBD,Warner Bros Discovery Inc
2022-04-14,LBBBU,NMHI,Nature's Miracle Holding Inc
2022-04-19,GSRMU,BTM,Bitcoin Depot Inc
2022-04-20,CLINU,ALCE,Alternus Clean Energy Inc
2022-04-28,ATSPU,SOUN,Soundhound Ai Inc
2022-04-29,RWODU,KLTO,Klotho Neurosciences Inc
2022-05-02,SGMS,LNW,Light & Wonder Inc
2022-05-02,TUGC,SAIH,Saiheat Ltd.
2022-05-02,NUBIU,STI,Solidion Technology Inc
2022-05-02,SLBG,YYAI,Connexa Sports Technologies Inc
2022-05-02,ONE,AIU,Meta Data Ltd.
2022-05-03,SV,SMR,Nuscale Power Corp
2022-05-03,NEW,NEWYY,Puxin Ltd.
2022-05-03,HTBX,SCPX,Scorpius Holdings Inc
2022-05-09,PROG,BIOR,Biora Therapeutics Inc
2022-05-09,LAWA,DSGR,Distribution Solutions Group Inc
2022-05-10,BLL,BALL,Ball Corp
2022-05-10,ZNTE,EVEX,Eve Holding Inc
2022-05-16,WEI,WEIDY,Weidai Ltd.
2022-05-18,IO,IOGPQ,Ion Geophysical Corp
2022-05-18,ARTA,PRE,Prenetics Global Ltd.
2022-05-19,CTK,CTKYY,Cootek(cayman)inc
2022-05-19,SGLB,NTRP,Nexttrip Inc
2022-05-20,AFI,AFIIQ,Armstrong Flooring Inc
2022-05-20,OTRA,CMRA,Comera Life Sciences Holdings Inc
2022-05-23,NFP,NTPIF,Nam Tai Property Inc
2022-05-24,LCAP,MSPR,Msp Recovery Inc
2022-05-24,RYB,MYND,Myndai Inc
2022-05-24,NCBS,NIC,Nicolet Bankshares Inc
2022-05-24,SMDM,RIME,Algorhythm Holdings Inc
2022-05-25,UEPS,LSAK,Lesaka Technologies Inc
2022-05-27,HUSN,FRGT,Freight Technologies Inc
2022-05-27,HYAC,BTMD,Biote Corp
2022-05-31,APSG,GBTG,Global Business Travel Group Inc
2022-06-02,ZME,ZMENY,Zhangmen Education Inc
2022-06-02,WOPEY,WDS,Woodside Energy Group Ltd.
2022-06-06,ESGC,EMWPF,Eros Media World PLC
2022-06-06,FLMN,STR,Sitio Royalties Corp
2022-06-08,SVFC,SYM,Symbotic Inc
2022-06-09,RLGY,HOUS,Anywhere Real Estate Inc
2022-06-09,FB,META,Meta Platforms Inc
2022-06-09,DYNS,SNTI,Senti Biosciences Inc
2022-06-10,GLAQ,AFRI,Forafric Global PLC
2022-06-13,REDU,NAAS,Naas Technology Inc
2022-06-15,TCAC,SBIG,Springbig Holdings Inc
2022-06-16,OACB,ALVO,Alvotech
2022-06-16,LLNW,EGIOQ,Edgio Inc
2022-06-17,VGII,GROV,Grove Collaborative Holdings Inc
2022-06-22,ELMSW,ELMWQ,Electric Last Mile Solutions Inc
2022-06-23,EJFA,PGY,Pagaya Technologies Ltd.
2022-06-24,JP,JPPYY,Jupai Holdings Ltd.
2022-06-24,GGPI,PSNY,Polestar Automotive Holding Uk PLC
2022-06-24,BDR,BDRL,Blonder Tongue Laboratories Inc
2022-06-27,CHEAU,SELX,Semilux International Ltd.
2022-06-28,ANTM,ELV,Elevance Health Inc
2022-06-29,RICOW,KALWQ,Kalera Public Ltd Co.
2022-06-29,RICO,KALRQ,Kalera Public Ltd Co.
2022-06-30,TYDEV,OCTO,Eightco Holdings Inc
2022-07-05,OAS,CHRD,Chord Energy Corp
2022-07-05,MCACU,CNTM,Connectm Technology Solutions Inc
2022-07-06,SWM,MATV,Mativ Holdings Inc
2022-07-06,PNACU,NCNCF,Noco-noco Inc
2022-07-07,HNP,HNPIY,Huaneng Power International Inc
2022-07-12,DNAC,PROK,Prokidney Corp
2022-07-14,GLSPU,GRRR,Gorilla Technology Group Inc
2022-07-19,ITHX,MOND,Mondee Holdings Inc
2022-07-20,BRPM,FAZE,Faze Holdings Inc
2022-07-22,HLN.W,HLN,Haleon PLC
2022-07-22,ACTD,OPAL,Opal Fuels Inc
2022-07-22,GOED,POLCQ,Polishedcom Inc
2022-07-25,PRPB,GETY,Getty Images Holdings Inc
2022-07-26,PSTI,PLUR,Pluri Inc
2022-08-01,BCAC,APGN,Apexigen Inc
2022-08-01,DSAC,NOTE,Fiscalnote Holdings Inc
2022-08-01,OEG,OIGBQ,Orbital Infrastructure Group Inc
2022-08-01,CRTX,QNCX,Quince Therapeutics Inc
2022-08-02,FIPWV,FIP,Ftai Infrastructure Inc
2022-08-02,NRZ,RITM,Rithm Capital Corp
2022-08-03,ACACU,FOXX,Foxx Development Holdings Inc
2022-08-03,MITC,STKH,Steakholder Foods Ltd.
2022-08-04,ASPC,STIXF,Semantix Inc
2022-08-04,ASPCW,STWWF,Semantix Inc
2022-08-04,LNFA,ZFOX,Zerofox Holdings Inc
2022-08-08,FLFVU,AIEV,Thunder Power Holdings Inc
2022-08-08,IMAC,BACK,Imac Holdings Inc
2022-08-08,XPOA,QBTS,D-wave Quantum Inc
2022-08-10,CHWA,PET,Wag! Group Co.
2022-08-11,SYNL,ACNT,Ascent Industries Co.
2022-08-15,AINV,MFIC,Midcap Financial Investment Corp
2022-08-15,SDH,EPOW,Sunrise New Energy Co Ltd.
2022-08-16,FOUN,RBTC,Rubicon Technologies Inc
2022-08-17,FTRP,REUN,Reunion Neuroscience Inc
2022-08-19,GRVI,UPXI,Upexi Inc
2022-08-22,DNAA,AKLI,Akili Inc
2022-08-29,RVAC,WEST,Westrock Co.ffee Co
2022-08-30,CRXTW,CRXWQ,Clarus Therapeutics Holdings Inc
2022-08-30,SWAG,NOGNQ,Nogin Inc
2022-08-30,SWAGW,NOGWQ,Nogin Inc
2022-08-31,EYES,VANI,Vivani Medical Inc
2022-09-01,LFC,LFCHY,China Life Insurance Co Ltd.
2022-09-01,ACH,ACHHY,Aluminum Corp Of China Ltd.
2022-09-02,CDEV,PR,Permian Resources Corp
2022-09-02,SHI,SHIIY,Sinopec Shanghai Petrochemical Co Ltd.
2022-09-06,MKD,MKDTY,Molecular Data Inc
2022-09-07,ELY,MODG,Topgolf Callaway Brands Corp
2022-09-07,TLFA,TLF,Tandy Leather Factory Inc
2022-09-08,SNP,SNPTY,China Petroleum & Chemical Corp
2022-09-08,BBI,FRTX,Fresh Tracks Therapeutics Inc
2022-09-08,PTR,PTRCY,Petrochina Co Ltd.
2022-09-08,IIVI,COHR,Coherent Corp
2022-09-12,HMACU,ABLV,Able View Global Inc
2022-09-13,GPL,GPLDF,Great Panther Mining Ltd.
2022-09-13,ADGI,IVVD,Invivyd Inc
2022-09-13,CLAQ,KITT,Nauticus Robotics Inc
2022-09-15,CLBS,LSTA,Lisata Therapeutics Inc
2022-09-16,KCAC.U,AMPX,Amprius Technologies Inc
2022-09-16,DWIN,FOXO,Foxo Technologies Inc
2022-09-19,GPCO,HOLO,Microcloud Hologram Inc
2022-09-19,CFVI,RUM,Rumble Inc
2022-09-21,CLSN,IMNN,Imunon Inc
2022-09-22,VTAQ,PRST,Presto Automation Inc
2022-09-26,MOBVU,SVUHF,Srivaru Holding Ltd.
2022-09-26,QK,XHG,Xchange Tecinc
2022-09-26,ROLLP,RBCP,Rbc Bearings Inc
2022-09-26,ROLL,RBC,Rbc Bearings Inc
2022-09-26,PTWOU,SBC,Sbc Medical Group Holdings Inc
2022-09-26,CO,CORBF,Global Cord Blood Corp
2022-09-27,IMPX,LVWR,Livewire Group Inc
2022-09-29,NLIT,SHFS,Shf Holdings Inc
2022-09-29,SLCR,THCH,Th International Ltd.
2022-10-03,BMIX,ATLX,Atlas Lithium Corp
2022-10-03,CBTX,STEL,Stellar Bancorp Inc
2022-10-05,CVUA,CVU,Cpi Aerostructures Inc
2022-10-06,CYTR,LADX,Ladrx Corp
2022-10-06,GBL,GAMI,Gamco Investors Inc Et Al
2022-10-10,CNTQ,DFLI,Dragonfly Energy Holdings Corp
2022-10-10,LLL,JXG,Jx Luxventure Group Inc
2022-10-12,RTOKY,RTO,Rentokil Initial PLC
2022-10-13,SYN,TOVX,Theriva Biologics Inc
2022-10-17,GLEE,GSDI,Global System Dynamics Inc
2022-10-17,BTX,ERNA,Eterna Therapeutics Inc
2022-10-20,REV,REVRQ,Revlon Inc
2022-10-20,WRE,ELME,Elme Communities
2022-10-24,ALF,ALFIQ,Alfi Inc
2022-10-24,GBOX,RVYL,Ryvyl Inc
2022-10-25,ENPC,GRNT,Granite Ridge Resources Inc
2022-10-25,XSPA,XWEL,Xwell Inc
2022-10-26,MAAQ,CDIO,Cardio Diagnostics Holdings Inc
2022-10-27,GBS,INBS,Intelligent Bio Solutions Inc
2022-10-27,BOAS,SLNAF,Selina Hospitality PLC
2022-10-28,EDNC,SATX,Satixfy Communications Ltd.
2022-10-31,PAQC,PERF,Perfect Corp
2022-10-31,WSTG,CLMB,Climb Global Solutions Inc
2022-10-31,BHSE,COEP,Coeptis Therapeutics Holdings Inc
2022-10-31,LMAO,ICU,Seastar Medical Holding Corp
2022-11-01,CSCW,ADD,Color Star Technology Co Ltd.
2022-11-01,RXO.W,RXO,Rxo Inc
2022-11-02,PFHC,ACDC,Profrac Holding Corp
2022-11-02,IGNY,PKBO,Peak Bio Inc
2022-11-07,WETF,WT,Wisdomtree Inc
2022-11-07,CECE,CECO,Ceco Environmental Corp
2022-11-07,CHG,LUXH,Luxurban Hotels Inc
2022-11-07,FHS,FHSEY,First High-school Education Group Co Ltd.
2022-11-08,QNGY.WS,QNGWQ,Quanergy Systems Inc
2022-11-08,CRHC.WS,CRHWF,Cohn Robbins Holdings Corp
2022-11-08,QNGYW,QNGWQ,Quanergy Systems Inc
2022-11-08,NLOK,GEN,Gen Digital Inc
2022-11-09,CRHC.U,CRHUF,Cohn Robbins Holdings Corp
2022-11-09,CRHC,CRRCF,Cohn Robbins Holdings Corp
2022-11-09,SBTX,SPRY,Ars Pharmaceuticals Inc
2022-11-10,AVCO,ALBT,Avalon Globocare Corp
2022-11-10,AXH,AXHI,Industrial Human Capital Inc
2022-11-10,ZVO,ZVOI,Zovio Inc
2022-11-11,VCKA,SCLX,Scilex Holding Co.
2022-11-14,ESSC,NWTN,Nwtn Inc
2022-11-14,PEYE,POCI,Precision Optics Corporation Inc
2022-11-14,XL,SPRU,Spruce Power Holding Corp
2022-11-15,LNDC,LFCR,Lifecore Biomedical Inc
2022-11-18,TINV,GRND,Grindr Inc
2022-11-18,LAX,EUDA,Euda Health Holdings Ltd.
2022-11-22,WTRH,ASAPQ,Waitr Holdings Inc
2022-11-23,ACEV,TMPOQ,Tempo Automation Holdings Inc
2022-11-23,ACEVW,TMPOWQ,Tempo Automation Holdings Inc
2022-11-23,FLAC,NAMS,Newamsterdam Pharma Co Nv
2022-11-30,PTIC,SFRT,Appreciate Holdings Inc
2022-12-01,AESE,AGAE,Allied Gaming & Entertainment Inc
2022-12-01,FG.W,FG,F&g Annuities & Life Inc
2022-12-02,ATAX,GHI,Greystone Housing Impact Investors Lp
2022-12-02,TBK,TFIN,Triumph Financial Inc
2022-12-07,LAAA,OSAPQ,Prosomnus Inc
2022-12-07,LAAAW,OSPWQ,Prosomnus Inc
2022-12-08,TENKU,CTOR,Citius Oncology Inc
2022-12-08,EFHTU,ECDA,Ecd Automotive Design Inc
2022-12-09,IPVA,GETR,Getaround Inc
2022-12-12,BAMH,BNH,Brookfield Corp
2022-12-12,BAMI,BNJ,Brookfield Finance Inc
2022-12-13,LYL,MATH,Metalpha Technology Holding Ltd.
2022-12-13,VENA,MLGO,Microalgo Inc
2022-12-13,LSPR,ZVSA,Zyversa Therapeutics Inc
2022-12-14,BAMR,BNT,Brookfield Wealth Solutions Ltd.
2022-12-14,STRY.WS,STYWQ,Starry Group Holdings Inc
2022-12-15,FBHS,FBIN,Fortune Brands Innovations Inc
2022-12-15,PV,LANV,Lanvin Group Holdings Ltd.
2022-12-15,MBC.W,MBC,Masterbrand Inc
2022-12-16,STRN,SWAG,Stran & Company Inc
2022-12-19,PAFO,HTCO,Caravelle International Group
2022-12-19,YMTX,KANT,Kineta Inc
2022-12-19,POND,MRDB,Mariadb PLC
2022-12-21,COVA,ECX,Ecarx Holdings Inc
2022-12-22,AIKI,DOMH,Dominari Holdings Inc
2022-12-23,EVK,EVKG,Ever-glory International Group Inc
2022-12-27,BTN,FGH,Fg Group Holdings Inc
2022-12-27,FWP,FWPAY,Forward Pharma A
2022-12-30,CORZW,CRZWQ,Core Scientific Inc
2022-12-30,DS,DSHK,Drive Shack Inc
2022-12-30,GMTX,IRON,Disc Medicine Inc
2022-12-30,FFHL,RTC,Baijiayun Group Ltd.
2023-01-03,GLS.WS,GLSWQ,Gelesis Holdings Inc
2023-01-03,NILE,GPUS,Hyperscale Data Inc
2023-01-03,LJAQ,MLEC,Moolec Science SA
2023-01-03,OG,OGBLY,Onion Global Ltd.
2023-01-04,GLBL,ALTI,Alti Global Inc
2023-01-04,DNAY,TBIO,Telesis Bio Inc
2023-01-05,MPAC,MMVVF,Multimetaverse Holdings Ltd.
2023-01-09,LPI,VTLE,Vital Energy Inc
2023-01-10,SMFR,WGS,Genedx Holdings Corp
2023-01-10,MTBC,CCLD,Carecloud Inc
2023-01-10,CCNC,GDC,Gd Culture Group Ltd.
2023-01-11,PLTNU,DSY,Big Tree Cloud Holdings Ltd.
2023-01-12,AERC,MKULQ,Molekule Group Inc
2023-01-17,VTS.W,VTS,Vitesse Energy Inc
2023-01-18,IDRA,ACGN,Aceragen Inc
2023-01-23,RKLY.WS,RKLWQ,Rockley Photonics Holdings Ltd.
2023-01-25,SFET,ALAR,Alarum Technologies Ltd.
2023-01-25,JCIC,BAER,Bridger Aerospace Group Holdings Inc
2023-01-26,BCOR,AVTA,Avantax Inc
2023-01-26,GIAC,CRGO,Freightos Ltd.
2023-01-27,IFNY,AMNI,American Noble Gas Inc
2023-01-27,HSAQ,OBIO,Orchestra Biomed Holdings Inc
2023-01-30,EXN,EXNRF,Excellon Resources Inc
2023-01-31,APN,APNC,Apeiron Capital Investment Corp
2023-02-01,TWND,BURU,Nuburu Inc
2023-02-01,IVC,IVCRQ,Invacare Corp
2023-02-02,ZNH,ZNHYY,China Southern Airlines Co Ltd.
2023-02-02,CEA,CEAYY,China Eastern Airlines Corp Ltd.
2023-02-06,MTMT,MPU,Mega Matrix Corp
2023-02-06,PONO,AWIN,Aerwins Technologies Inc
2023-02-10,AMCI,LNZA,Lanzatech Global Inc
2023-02-13,ADRA,AENT,Alliance Entertainment Holding Corp
2023-02-13,PFDR,MVLA,Movella Holdings Inc
2023-02-14,IPAX,LUNR,Intuitive Machines Inc
2023-02-15,AEHA,OCEA,Ocean Biomedical Inc
2023-02-15,LGTO,SLND,Southland Holdings Inc
2023-02-16,CENQ,VGAS,Verde Clean Fuels Inc
2023-02-21,ISR,CATX,Perspective Therapeutics Inc
2023-02-21,MCAE,ETAOF,Etao International Co Ltd.
2023-02-24,IMRA,ELVN,Enliven Therapeutics Inc
2023-02-27,RCII,UPBD,Upbound Group Inc
2023-02-27,MICT,TIOG,Tingo Group Inc
2023-02-27,DCRD,HHRS,Hammerhead Energy Inc
2023-03-01,KMPH,ZVRA,Zevra Therapeutics Inc
2023-03-01,RNER,HUBC,Hub Cyber Security Ltd.
2023-03-01,TPBA,LVRO,Lavoro Ltd.
2023-03-03,EBAC,OCS,Oculis Holding Ag
2023-03-06,HPX,AMBI,Ambipar Emergency Response
2023-03-06,CAJ,CAJPY,Canon Inc
2023-03-08,SESN,CARM,Carisma Therapeutics Inc
2023-03-08,LION,SMX,Smx (security Matters) Public Ltd Co.
2023-03-14,HAPP,PAVS,Paranovus Entertainment Technology Ltd.
2023-03-14,MARXU,STAI,Scantech Ai Systems Inc
2023-03-15,KINZ,CXAI,Cxapp Inc
2023-03-17,SMIH,LSB,Lakeshore Biopharma Co Ltd.
2023-03-20,MCG,SHCO,Soho House & Co Inc
2023-03-21,JATT,ZURA,Zura Bio Ltd.
2023-03-21,ZEST,ROII,Riskon International Inc
2023-03-21,GRAY,CALC,Calcimedica Inc
2023-03-22,BLI,CELL,Phenomex Inc
2023-03-24,CETUU,MKDW,Mkdwell Tech Inc
2023-03-24,INKA,NIRLQ,Near Intelligence Inc
2023-03-24,INKAW,NIRWQ,Near Intelligence Inc
2023-03-27,MTP,BDRX,Biodexa Pharmaceuticals PLC
2023-03-28,SIVBP,SIVPQ,Svb Financial Group
2023-03-30,JMAC,APLM,Apollomics Inc
2023-03-31,HLBZ,MCOM,Micromobilitycom Inc
2023-03-31,STAR,SAFE,Safehold Inc
2023-03-31,DHHC,UHG,United Homes Group Inc
2023-04-03,PTHRU,HOVR,New Horizon Aircraft Ltd.
2023-04-04,TYDE,OCTO,Eightco Holdings Inc
2023-04-04,CR.W,CR,Crane Co.
2023-04-06,GIA,QTIH,Qt Imaging Holdings Inc
2023-04-10,GLS,GLSHQ,Gelesis Holdings Inc
2023-04-14,KAL,KALRQ,Kalera Public Ltd Co.
2023-04-14,BSGA,BTDR,Bitdeer Technologies Group
2023-04-17,ATY,ILLMF,Illumin Holdings Inc
2023-04-18,PEARW,PERWQ,Pear Therapeutics Inc
2023-04-19,LCI,LCINQ,Lannett Co Inc
2023-04-24,VLON,GRI,Gri Bio Inc
2023-04-26,IMH,IMPH,Impac Mortgage Holdings Inc
2023-04-26,GIAF,QTIH,Qt Imaging Holdings Inc
2023-04-28,IMV,IMVIQ,Imv Inc
2023-05-01,TMTCU,ELPW,Elong Power Holding Ltd.
2023-05-01,ITCB,ITCL,Banco Itau Chile
2023-05-01,CIIG,ZAPP,Zapp Electric Vehicles Group Ltd.
2023-05-02,FRC,FRCB,First Republic Bank
2023-05-11,SI,SICPQ,Silvergate Capital Corp
2023-05-15,AMV,NXU,Nxu Inc
2023-05-16,AUD,AUDAQ,Audacy Inc
2023-05-16,PKI,RVTY,Revvity Inc
2023-05-18,IDW,IDWM,Idw Media Holdings Inc
2023-05-18,GBRG,SDA,Suncar Technology Group Inc
2023-05-22,ABB,ABBNY,Abb Ltd.
2023-05-22,ANPC,FREHY,Fresh2 Group Ltd.
2023-05-22,OBNK,OBK,Origin Bancorp Inc
2023-05-23,CIDM,CNVS,Cineverse Corp
2023-05-23,NH,NHIQ,Nanthealth Inc
2023-05-24,ROCG,TYGO,Tigo Energy Inc
2023-05-30,DBD,DBDQQ,Diebold Nixdorf Inc
2023-06-01,QTEKW,QTEWQ,Qualtek Services Inc
2023-06-01,KNF.W,KNF,Knife River Corp
2023-06-01,CLXT,CBUS,Cibus Inc
2023-06-02,JWAC,CJET,Chijet Motor Company Inc
2023-06-07,FISV,FI,Fiserv Inc
2023-06-08,AVAC,BENF,Beneficient
2023-06-08,WEJOW,WEJWQ,Wejo Group Ltd.
2023-06-09,RONI,NPWR,Net Power Inc
2023-06-15,PTE,PTEIQ,Polarityte Inc
2023-06-16,INT,WKC,World Kinect Corp
2023-06-20,HSC,NVRI,Enviri Corp
2023-06-21,ROC,DTI,Drilling Tools International Corp
2023-06-22,METBV,METCB,Ramaco Resources Inc
2023-06-22,RENN,MTBLY,Moatable Inc
2023-06-27,GNUS,TOON,Kartoon Studios Inc
2023-06-28,GODNU,GMHS,Gamehaus Holdings Inc
2023-06-29,ERYP,PHXM,Phaxiam Therapeutics SA
2023-07-03,GSRM,BTM,Bitcoin Depot Inc
2023-07-03,SQZ,SQZB,Sqz Biotechnologies Co.
2023-07-03,BGCP,BGC,Bgc Group Inc
2023-07-05,ERES,ABL,Abacus Life Inc
2023-07-06,IBA,IBAAY,Industrias Bachoco SAB de CV
2023-07-06,GOGN,LZM,Lifezone Metals Ltd.
2023-07-06,ORCC,OBDC,Blue Owl Capital Corp
2023-07-10,RE,EG,Everest Group Ltd.
2023-07-11,GLTA,MRT,Marti Technologies Inc
2023-07-17,ALPA,CTCX,Carmell Corp
2023-07-18,FACT,CSLR,Complete Solaria Inc
2023-07-20,BSTG,HRGN,Harvard Apparatus Regenerative Technology Inc
2023-07-20,CLBR,PSQH,Psq Holdings Inc
2023-07-20,SEV,SEVCQ,Sono Group Nv
2023-07-24,PMGM,AEON,Aeon Biopharma Inc
2023-07-27,GRIL,SDOT,Sadot Group Inc
2023-08-01,SHPW_WS,SHPSQ,Shapeways Holdings Inc
2023-08-01,TLGA,ELIQQ,Electriq Power Holdings Inc
2023-08-01,TLGA.WS,ELIWQ,Electriq Power Holdings Inc
2023-08-02,CPUH,ALUR,Allurion Technologies Inc
2023-08-02,MMMB,MAMA,Mama's Creations Inc
2023-08-04,GENQ,ESGL,Esgl Holdings Ltd.
2023-08-04,ISIG,LDWY,Lendway Inc
2023-08-07,ENOB,RENB,Renovaro Inc
2023-08-11,OXAC,JTAI,Jetai Inc
2023-08-11,MTAC,TLSI,Trisalus Life Sciences Inc
2023-08-14,HHC,HHH,Howard Hughes Holdings Inc
2023-08-14,BSAQ,VFS,Vinfast Auto Ltd.
2023-08-15,UIHC,ACIC,American Coastal Insurance Corp
2023-08-17,DFFN,CRVO,Cervomed Inc
2023-08-17,RMED,VTAK,Catheter Precision Inc
2023-08-18,HMAC,ABLV,Able View Global Inc
2023-08-22,YVR,YVRLF,Liquid Media Group Ltd.
2023-08-23,AMOT,ALNT,Allient Inc
2023-08-24,AURC,BETR,Better Home & Finance Holding Co.
2023-08-24,GMVDW,GMVWF,G Medical Innovations Holdings Ltd.
2023-08-28,FWAC,BEEP,Mobile Infrastructure Corp
2023-08-28,PNAC,NCNCF,Noco-noco Inc
2023-08-29,ABC,COR,Cencora Inc
2023-08-29,MNK,MNKTQ,Mallinckrodt PLC
2023-08-29,OIG,OIGBQ,Orbital Infrastructure Group Inc
2023-08-31,SCHN,RDUS,Radius Recycling
2023-09-05,UTME,WTO,Utime Ltd.
2023-09-07,BVXV,SCNI,Scinai Immunotherapeutics Ltd.
2023-09-07,AZYO,ELUT,Elutia Inc
2023-09-08,LOV,LOVLY,Spark Networks Se
2023-09-08,BTB,BETSF,Bit Brother Ltd.
2023-09-08,ADMP,DMKPQ,Dmk Pharmaceuticals Corp
2023-09-11,SLGG,SLE,Super League Enterprise Inc
2023-09-12,MGTA,DNTH,Dianthus Therapeutics Inc
2023-09-12,RCLF,MDAI,Spectral Ai Inc
2023-09-13,FLAG,CLDI,Calidi Biotherapeutics Inc
2023-09-15,OFC,CDP,Copt Defense Properties
2023-09-15,JUPW,SHOT,Safety Shot Inc
2023-09-18,TKAT,MI,Nft Ltd.
2023-09-19,ZEV,ZEVY,Lightning Emotors Inc
2023-09-21,ABML,ABAT,American Battery Technology Co.
2023-09-21,DTOC,AONC,American Oncology Network Inc
2023-09-21,VHNA,RDZN,Roadzen Inc
2023-09-25,CTIB,YHGJ,Yunhong Green Cti Ltd.
2023-09-25,HILS,THAR,Tharimmune Inc
2023-09-25,MURF,CDT,Conduit Pharmaceuticals Inc
2023-09-25,SUNL.WS,SULWQ,Sunlight Financial Holdings Inc
2023-09-26,DMS,DMSL,Digital Media Solutions Inc
2023-09-28,GFOR,NKGN,Nkgen Biotech Inc
2023-09-28,NASDAQ,SGD,Safe & Green Development Corp
2023-09-29,METX,BTCT,Btc Digital Ltd.
2023-09-29,MCLDP,MCLPF,Mcloud Technologies Corp
2023-09-29,MCLDW,MCLWF,Mcloud Technologies Corp
2023-10-02,ANZU,COCH,Envoy Medical Inc
2023-10-02,UPTD,ESLA,Estrella Immunopharma Inc
2023-10-02,KLG.W,KLG,Wk Kellogg Co.
2023-10-02,SSU.WS,SSUTF,Signa Sports United Nv
2023-10-03,SDC,SDCCQ,Smiledirectclub Inc
2023-10-05,VQS,VQSSF,Viq Solutions Inc
2023-10-06,FZT,FBYD,Falcon's Beyond Global Inc
2023-10-09,VEDU,GV,Visionary Holdings Inc
2023-10-10,SSU,SSUNF,Signa Sports United Nv
2023-10-11,AATP,ATPC,Agape Atp Corp
2023-10-13,BTWN,MNY,Moneyhero Ltd.
2023-10-17,VBLT,NTBLQ,Notable Labs Ltd.
2023-10-17,RAD,RADCQ,Rite Aid Corp
2023-10-17,NCR,VYX,Ncr Voyix Corp
2023-10-19,SFT,SFTGQ,Shift Technologies Inc
2023-10-20,PCCT,SPEC,Spectaire Holdings Inc
2023-10-20,TALS,TRML,Tourmaline Bio Inc
2023-10-26,AKU,AKUMQ,Akumin Inc
2023-10-27,SFR,SFRT,Appreciate Holdings Inc
2023-10-30,GLG,BYU,Baiyu Holdings Inc
2023-10-31,CBIO,GYRE,Gyre Therapeutics Inc
2023-11-01,BNMV,ROII,Riskon International Inc
2023-11-01,NLS,BFXXQ,Bowflex Inc
2023-11-01,FRBN,ENGN,Engene Holdings Inc
2023-11-02,PCYG,TRAK,Repositrak Inc
2023-11-03,ASPA,CAUD,Collective Audience Inc
2023-11-03,TRCA,CREV,Carbon Revolution Public Ltd Co.
2023-11-06,OSTK,BYON,Beyond Inc
2023-11-06,FREQ,KRRO,Korro Bio Inc
2023-11-06,AMAO,RMCO,Royalty Management Holding Corp
2023-11-07,VACC,BRNS,Barinthus Biotherapeutics PLC
2023-11-08,WWAC,AERT,Aeries Technology Inc
2023-11-08,DKDCA,ONMD,Onemednet Corp
2023-11-08,OLIT,OPTX,Syntec Optics Holdings Inc
2023-11-08,WE,WEWKQ,Wework Inc
2023-11-09,GSMG,CHR,Cheer Holding Inc
2023-11-13,TIO,TIOG,Tingo Group Inc
2023-11-13,SQL,ATLN,Atlantic International Corp
2023-11-14,SELB,RNAC,Cartesian Therapeutics Inc
2023-11-15,PYR,PYRGF,Pyrogenesis Canada Inc
2023-11-16,JGGC,CAPT,Captivision Inc
2023-11-16,MF,MFLTF,Missfresh Ltd.
2023-11-17,MOXC,ABTS,Abits Group Inc
2023-11-28,AGLE,SYRE,Spyre Therapeutics Inc
2023-11-30,CFFE,XBP,Xbp Europe Holdings Inc
2023-12-01,WS.W,WS,Worthington Steel Inc
2023-12-04,PACI,SOAR,Volato Group Inc
2023-12-07,VCXA,AAGR,African Agriculture Holdings Inc
2023-12-11,MOBV,SVUHF,Srivaru Holding Ltd.
2023-12-11,UPH,UPHL,Uphealth Inc
2023-12-13,GEHI,MYND,Myndai Inc
2023-12-13,EFHT,ECDA,Ecd Automotive Design Inc
2023-12-13,ELIQ.WS,ELIWQ,Electriq Power Holdings Inc
2023-12-14,ELIQW,ELIWQ,Electriq Power Holdings Inc
2023-12-15,VII,BNZI,Banzai International Inc
2023-12-15,TRKAW,TRKWQ,Troika Media Group Inc
2023-12-18,NIR,NIRLQ,Near Intelligence Inc
2023-12-19,NLTX,NGNE,Neurogene Inc
2023-12-19,NETC,VSTE,Vast Renewables Ltd.
2023-12-20,HCDIP,HCDPQ,Harbor Custom Development Inc
2023-12-20,HCDIW,HCDWQ,Harbor Custom Development Inc
2023-12-20,HCDIZ,HCDZQ,Harbor Custom Development Inc
2023-12-20,SMAP,MSAI,Multisensor Ai Holdings Inc
2023-12-21,NOGNW,NOGWQ,Nogin Inc
2023-12-22,BWV,ONCO,Onconetix Inc
2023-12-22,PRSR,LDTC,Leddartech Holdings Inc
2023-12-22,CLAY,MOBX,Mobix Labs Inc
2023-12-22,DUNE,HGAS,Global Gas Corp
2023-12-22,BYTS,AISP,Airship Ai Holdings Inc
2023-12-26,CLIN,ALCE,Alternus Clean Energy Inc
2023-12-26,ID,IDICQ,Parts Id Inc
2023-12-26,BRLI,NUKK,Nukkleus Inc
2023-12-28,EGGF,FLYX,Flyexclusive Inc
2023-12-29,IOAC,ZCAR,Zoomcar Holdings Inc
2024-01-02,BYN,PNST,Pinstripes Holdings Inc
2024-01-08,ADEX,GRDI,Griid Infrastructure Inc
2024-01-08,LMDXW,LMDWF,Lumiradx Ltd.
2024-01-10,ACRX,TLPH,Talphera Inc
2024-01-10,TRMR,NEXN,Nexxen International Ltd.
2024-01-10,TEDU,TCTM,Tctm Kids It Education Inc
2024-01-16,PTHR,HOVR,New Horizon Aircraft Ltd.
2024-01-17,LAZY,GORV,Lazydays Holdings Inc
2024-01-19,NFTG,GXAI,Gaxosai Inc
2024-01-23,GSD,GSDI,Global System Dynamics Inc
2024-01-25,LIZI,SOGP,Sound Group Inc
2024-01-25,GOL,GOLLQ,Gol Intelligent Airlines Inc
2024-01-26,NCAC,PBM,Psyence Biomedical Ltd.
2024-01-29,BHG,NEUE,Neuehealth Inc
2024-01-30,RWLK,LFWD,Lifeward Ltd.
2024-01-30,PBTS,XTKG,X3 Holdings Co Ltd.
2024-02-01,ADES,ARQ,Arq Inc
2024-02-01,CDAY,DAY,Dayforce Inc
2024-02-01,DMAQ,TRUG,Trugolf Holdings Inc
2024-02-05,NUBI,STI,Solidion Technology Inc
2024-02-06,DMK,DMKPQ,Dmk Pharmaceuticals Corp
2024-02-06,NHWK,SCPX,Scorpius Holdings Inc
2024-02-08,YGF,YGFGF,Yangufang International Group Co Ltd.
2024-02-08,OXUS,BRLS,Borealis Foods Inc
2024-02-09,ATAK,DHAI,Dih Holding Us Inc
2024-02-09,KERN,GRYP,Gryphon Digital Mining Inc
2024-02-09,SFE,SFES,Safeguard Scientifics Inc
2024-02-12,AEY,AEYGQ,Addvantage Technologies Group Inc
2024-02-12,QFTA,ATCH,Atlasclear Holdings Inc
2024-02-13,SEAS,PRKS,United Parks & Resorts Inc
2024-02-15,PBAX,CERO,Cero Therapeutics Holdings Inc
2024-02-15,FLME,SOC,Sable Offshore Corp
2024-02-15,LGST,TVGN,Tevogen Bio Holdings Inc
2024-02-16,CHEA,SELX,Semilux International Ltd.
2024-02-20,JT,JTCHY,Jianpu Technology Inc
2024-02-23,LCAA,LOT,Lotus Technology Inc
2024-02-26,AMEH,ASTH,Astrana Health Inc
2024-02-27,TMST,MTUS,Metallus Inc
2024-02-27,ROI,ROII,Riskon International Inc
2024-02-28,SZZL,CRML,Critical Metals Corp
2024-02-29,POL,POLCQ,Polishedcom Inc
2024-03-01,ARIZ,FUFU,Bitfufu Inc
2024-03-04,BFX,BFXXQ,Bowflex Inc
2024-03-04,BODY,BODI,Beachbody Company Inc
2024-03-04,PEAK,DOC,Healthpeak Properties Inc
2024-03-04,CPSI,TBRG,Trubridge Inc
2024-03-05,GIA,QTIH,Qt Imaging Holdings Inc
2024-03-12,LBBB,NMHI,Nature's Miracle Holding Inc
2024-03-13,SASI,NTRP,Nexttrip Inc
2024-03-13,INPX,XTIA,Xti Aerospace Inc
2024-03-14,ESAC,ZEO,Zeo Energy Corp
2024-03-15,XPDB,AIRJ,Airjoule Technologies Corp
2024-03-15,DHCA,BNAI,Brand Engagement Network Inc
2024-03-15,CYT,CYTT,Cyteir Therapeutics Inc
2024-03-15,ENCP,GTI,Graphjet Technology
2024-03-18,PUYI,HPH,Highest Performances Holdings Inc
2024-03-19,SVFD,NITO,N2off Inc
2024-03-21,HCMA,MRNO,Murano Global Investments PLC
2024-03-22,KIQ,KIQSF,Kelso Technologies Inc
2024-03-22,VJET,VJTTY,Voxeljet Ag
2024-03-22,GRPH,LENZ,Lenz Therapeutics Inc
2024-03-22,ADOC,COOT,Australian Oilseeds Holdings Ltd.
2024-03-25,FLT,CPAY,Corpay Inc
2024-03-25,FSR,FSRNQ,Fisker Inc
2024-03-26,DWAC,DJT,Trump Media & Technology Group Corp
2024-03-26,FIXX,QTTB,Q32 Bio Inc
2024-03-27,AGE,SER,Serina Therapeutics Inc
2024-03-27,CNDB,GCTS,Gct Semiconductor Holding Inc
2024-03-28,TWOA,LPA,Logistic Properties Of The Americas
2024-04-01,CVCY,CWBC,Community West Bancshares
2024-04-01,OSAAW,OSPWQ,Prosomnus Inc
2024-04-01,WNNR,ZPTA,Zapata Computing Holdings Inc
2024-04-02,GEV.W,GEV,Ge Vernova Inc
2024-04-02,WETG,NXTT,Next Technology Holding Inc
2024-04-02,OSAPW,OSPWQ,Prosomnus Inc
2024-04-03,ONTX,TRAW,Traws Pharma Inc
2024-04-03,APAC,FAAS,Digiasia Corp
2024-04-04,VIEWW,VIWWQ,View Inc
2024-04-04,ASCA,NIVF,Newgenivf Group Ltd.
2024-04-04,CASA,CASSQ,Casa Systems Inc
2024-04-04,AAU,AAUAF,Almaden Minerals Ltd.
2024-04-05,KYCH,ZOOZ,Zooz Power Ltd.
2024-04-08,STRC,PDYN,Palladyne Ai Corp
2024-04-12,STIXW,STWWF,Semantix Inc
2024-04-15,CNXA,YYAI,Connexa Sports Technologies Inc
2024-04-17,ARRW,AILEQ,Ilearningengines Inc
2024-04-17,OSA,OSAPQ,Prosomnus Inc
2024-04-18,CBD,CBDBY,Brazilian Distribution Co Companhia Brasileira De Distr Cbd
2024-04-18,MDGS,XYLO,Xylo Technologies Ltd.
2024-04-18,GGE,GGEI,Green Giant Inc
2024-04-19,DCFCW,DCFWQ,Tritium Dcfc Ltd.
2024-04-19,XLYO,XYLO,Xylo Technologies Ltd.
2024-04-25,AIBBR,AACRF,Ps International Group Ltd.
2024-04-30,FUV,FUVV,Arcimoto Inc
2024-05-01,PGSS,SHMD,Schmid Group Nv
2024-05-02,LGVC,NUVOQ,Holdco Nuvo Group Dg Ltd.
2024-05-02,LGVCW,NUVWQ,Holdco Nuvo Group Dg Ltd.
2024-05-03,CONX,CNXX,Conx Corp
2024-05-08,AIB,PSIG,Ps International Group Ltd.
2024-05-09,FRRVY,FER,Ferrovial Se
2024-05-10,ALCC,OKLO,Oklo Inc
2024-05-13,WISH,LOGC,Contextlogic Inc
2024-05-14,SCRM,LION,Lionsgate Studios Corp
2024-05-15,CPG,VRN,Veren Inc
2024-05-16,CLVR,CLVV,Clever Leaves Holdings Inc
2024-05-17,FWBI,ENTO,Entero Therapeutics Inc
2024-05-20,BRP,BWIN,Baldwin Insurance Group Inc
2024-05-20,CNHI,CNH,Cnh Industrial Nv
2024-05-20,AIH,PAIYY,Aesthetic Medical International Holdings Group Ltd.
2024-05-28,YS,LSB,Lakeshore Biopharma Co Ltd.
2024-05-28,AUVIP,AUVPQ,Applied Uv Inc
2024-05-30,FLJ,XHG,Xchange Tecinc
2024-05-30,INXBV,INBX,Inhibrx Biosciences Inc
2024-05-31,INXB,INBX,Inhibrx Biosciences Inc
2024-06-05,LIFE,ATYR,Atyr Pharma Inc
2024-06-06,SSNT,QXO,Qxo Inc
2024-06-06,SEQL,ATLN,Atlantic International Corp
2024-06-07,PLTN,DSY,Big Tree Cloud Holdings Ltd.
2024-06-07,RBT,RBTC,Rubicon Technologies Inc
2024-06-10,OCN,ONIT,Onity Group Inc
2024-06-21,AVRO,TECX,Tectonic Therapeutic Inc
2024-06-24,RWOD,KLTO,Klotho Neurosciences Inc
2024-06-24,FLFV,AIEV,Thunder Power Holdings Inc
2024-06-25,DHAC,VSEE,Vsee Health Inc
2024-07-01,BWAQ,TOYO,Toyo Co Ltd.
2024-07-01,BITE,ABVE,Above Food Ingredients Inc
2024-07-01,PWFL,AIOT,Powerfleet Inc
2024-07-01,DLA,DLAPQ,Delta Apparel Inc
2024-07-01,TNP,TEN,Tsakos Energy Navigation Ltd.
2024-07-09,GPAC,SDST,Stardust Power Inc
2024-07-10,CHAA,CGBS,Crown Lng Holdings Ltd.
2024-07-15,JAN,ALTS,Alt5 Sigma Corp
2024-07-15,EURN,CMBT,Cmbtech Nv
2024-07-15,MCAC,CNTM,Connectm Technology Solutions Inc
2024-07-16,SHPWW,SHPSQ,Shapeways Holdings Inc
2024-07-18,HYW,STEC,Santech Holdings Ltd.
2024-07-24,MYMD,TNFA,Tnf Pharmaceuticals Inc
2024-07-30,PEGR,PITA,Heramba Electric PLC
2024-08-01,ARYD,ADGM,Adagio Medical Holdings Inc
2024-08-01,CETU,MKDW,Mkdwell Tech Inc
2024-08-01,SEG.W,SEG,Seaport Entertainment Group Inc
2024-08-01,SMLP,SMC,Summit Midstream Corp
2024-08-01,VWE,VWESQ,Vintage Wine Estates Inc
2024-08-05,TRIS,HPAI,Helport Ai Ltd.
2024-08-05,PNM,TXNM,Txnm Energy Inc
2024-08-06,UCBI,UCB,United Community Banks Inc
2024-08-07,CEI,CEIN,Camber Energy Inc
2024-08-08,TENK,CTOR,Citius Oncology Inc
2024-08-09,LL,LLFLQ,Ll Flooring Holdings Inc
2024-08-09,CUBWU,CUB,Lionheart Holdings
2024-08-09,AEZS,CSCI,Cosciens Biopharma Inc
2024-08-12,QLI,BGM,Bgm Group Ltd.
2024-08-13,WAVD,AIFF,Firefly Neuroscience Inc
2024-08-14,GAMC,BSLK,Bolt Projects Holdings Inc
2024-08-15,HUGE,QNTM,Quantum Biopharma Ltd.
2024-08-16,AACI,RZLV,Rezolve Ai Ltd.
2024-08-16,MACA,SLXN,Silexion Therapeutics Corp
2024-08-22,GPS,GAP,Gap Inc
2024-08-26,CPLP,CCEC,Capital Clean Energy Carriers Corp
2024-08-28,ICD,ICDI,Independence Contract Drilling Inc
2024-08-30,NUVOW,NUVWQ,Holdco Nuvo Group Dg Ltd.
2024-08-30,IFIN,CURR,Currenc Group Inc
2024-09-03,ABIO,ORKA,Oruka Therapeutics Inc
2024-09-04,RSTN,GIFT,Giftify Inc
2024-09-06,BNRE,BNT,Brookfield Wealth Solutions Ltd.
2024-09-09,BIG,BIGGQ,Big Lots Inc
2024-09-09,DRQ,INVX,Innovex International Inc
2024-09-09,MICS,RIME,Algorhythm Holdings Inc
2024-09-10,AULT,GPUS,Hyperscale Data Inc
2024-09-11,GIGGU,GIG,Gigcapital7 Corp
2024-09-12,SOI,SEI,Solaris Energy Infrastructure Inc
2024-09-13,SAI,SAIH,Saiheat Ltd.
2024-09-17,WENA,KLTO,Klotho Neurosciences Inc
2024-09-17,TUP,TUPBQ,Tupperware Brands Corp
2024-09-17,PLMI,VEEA,Veea Inc
2024-09-18,KA,KANT,Kineta Inc
2024-09-18,PTWO,SBC,Sbc Medical Group Holdings Inc
2024-09-18,HNRA,EONR,Eon Resources Inc
2024-09-20,BFI,BFICQ,Burgerfi International Inc
2024-09-24,MEDS,SCNX,Scienture Holdings Inc
2024-09-27,ACAC,FOXX,Foxx Development Holdings Inc
2024-09-30,CACO,HTCO,Caravelle International Group
2024-09-30,NICK,OMCC,Old Market Capital Corp
2024-10-01,RCRT,NIXX,Nixxy Inc
2024-10-02,SSIC,LIEN,Chicago Atlantic Bdc Inc
2024-10-02,XFIN,BDMD,Baird Medical Investment Holdings Ltd.
2024-10-02,CHK,EXE,Expand Energy Corp
2024-10-02,AMSWA,LGTY,Logility Supply Chain Solutions Inc
2024-10-03,LCW,INV,Innventure Inc
2024-10-03,EVA,EVVAQ,Enviva Inc
2024-10-03,ELYM,CLYM,Climb Bio Inc
2024-10-07,RPHM,OKUR,Onkure Therapeutics Inc
2024-10-09,VIRI,DWTX,Dogwood Therapeutics Inc
2024-10-14,CIAN,CANPY,Cian PLC
2024-10-15,SGH,PENG,Penguin Solutions Inc
2024-10-16,AGBA,ILLR,Triller Group Inc
2024-10-18,KTRA,HURA,Tuhura Biosciences Inc
2024-10-18,YNDX,NBIS,Nebius Group Nv
2024-10-21,TCJH,WAI,Top Kingwin Ltd.
2024-10-22,INVO,NAYA,Naya Biosciences Inc
2024-10-23,FANH,AIFU,Aix Inc
2024-10-24,OCUP,IRD,Opus Genetics Inc
2024-10-28,NYCB,FLG,Flagstar Financial Inc
2024-10-28,ACST,GRCE,Grace Therapeutics Inc
2024-10-30,VEV,VEVMQ,Vicinity Motor Corp
2024-10-31,NUZE,IMG,Cimg Inc
2024-11-05,GLT,MAGN,Magnera Corp
2024-11-08,FIAC,DEVS,Devvstream Corp
2024-11-11,PRMW,PRMB,Primo Brands Corp
2024-11-12,PTSI,PAMT,Pamt Corp
2024-11-13,PMD,PMDI,Psychemedics Corp
2024-11-14,ACAB,ABP,Abpro Holdings Inc
2024-11-15,RCFA.U,RCFUF,Perception Capital Corp Iv
2024-11-15,RCFA.WS,RCFWF,Perception Capital Corp Iv
2024-11-18,CBRG,CBRRF,Chain Bridge I
2024-11-19,PEGY,SUNE,Sunation Energy Inc
2024-11-23,TMTC,ELPW,Elong Power Holding Ltd.
2024-11-26,CGA,ENFY,Enlightify Inc
2024-11-29,NRBO,MTVA,Metavia Inc
2024-11-29,VRM,VRMMQ,Vroom Inc
2024-12-03,MDJH,UOKA,Mdjm Ltd.
2024-12-05,ENG,ENGC,Englobal Corp
2024-12-06,BOCN,TNMG,Tnl Mediagene
2024-12-09,LIFE,MSPR,Msp Recovery Inc
2024-12-09,ROCL,NEHC,New Era Helium Inc
2024-12-09,TCS,TCSGQ,Container Store Group Inc
2024-12-11,THCP,CNCK,Coincheck Group Nv
2024-12-12,BOWL,LUCK,Lucky Strike Entertainment Corp
2024-12-16,LQR,YHC,Lqr House Inc
2024-12-16,PIRS,PVLA,Palvella Therapeutics Inc
2024-12-16,IVCP,ANNA,Aleanna Inc
2024-12-16,INAQ,AMOD,Alpha Modus Holdings Inc
2024-12-17,PFMT,PHLT,Performant Healthcare Inc
2024-12-17,LEV,LEVGQ,Lion Electric Co.
2024-12-18,HRYU,GITS,Global Interactive Technologies Inc
2024-12-18,ATIF,ZBAI,Atif Holdings Ltd.
2024-12-19,NR,NPKI,Npk International Inc
2024-12-20,JXJT,JXG,Jx Luxventure Group Inc
2024-12-23,FRES,FREHY,Fresh2 Group Ltd.
2024-12-24,BNOX,NEUP,Neuphoria Therapeutics Inc
2024-12-24,PIK,PIKM,Kidpik Corp
2025-01-02,VVI,PRSU,Pursuit Attractions & Hospitality Inc
2025-01-02,MITA,RAIN,Rain Enhancement Technologies Holdco Inc
2025-01-02,BSIG,AAMI,Acadian Asset Management Inc
2025-01-02,BGNE,ONC,Beigene Ltd.
2025-01-03,JBT,JBTM,Jbt Marel Corp
2025-01-03,MARX,STAI,Scantech Ai Systems Inc
2025-01-06,PALT,IPM,Intelligent Protection Management Corp
2025-01-06,RGF,RGFC,Real Good Food Company Inc
2025-01-07,HEAR,TBCH,Turtle Beach Corp
2025-01-08,MMV,MMVVF,Multimetaverse Holdings Ltd.
2025-01-13,ALRN,RNTX,Rein Therapeutics Inc
2025-01-14,BRKH,BZAI,Blaize Holdings Inc
2025-01-14,SPI,SPIEF,Spi Energy Co Ltd.
2025-01-15,CEIX,CNR,Core Natural Resources Inc
2025-01-21,SQ,XYZ,Block Inc
2025-01-21,SVMH,SVUHF,Srivaru Holding Ltd.
2025-01-24,DXFFY,DXF,Dunxin Financial Holdings Ltd.
2025-01-27,ISDR,ACCS,Access Newswire Inc
2025-01-27,EAST,BLNE,Eastside Distilling Inc
2025-01-27,GODN,GMHS,Gamehaus Holdings Inc
2025-01-27,LAAC,LAR,Lithium Argentina Ag
2025-01-27,QTI,QTIH,Qt Imaging Holdings Inc
2025-01-28,BCAN,FMTO,Femto Technologies Inc
2025-01-29,KNW,KNWN,Know Labs Inc
2025-02-03,RHE,RHEP,Regional Health Properties Inc
2025-02-03,NEP,XIFR,Xplr Infrastructure Lp
